num,name,age,street,city,state,zip,lng,lat
0,Mary Lopez,33,888 Crystal Ways,West Rhonda,Maryland,15335,137.990213,19.7237565
1,Paul Torres,18,9344 Ingram Motorway Apt. 745,West Anna,Florida,34559,27.837232,72.0224695
2,Dr. Jeffery Lewis,39,48103 Charles Greens,North Kimberlyberg,Georgia,47291,-169.376261,15.662666
3,Nicole Price,75,56223 Jones Port,Port Kayla,Minnesota,40077,21.130795,72.5263655
4,James Lee,64,040 Anna Wells,Lake Thomasside,Michigan,59925,140.385354,-65.2015275
5,Diana Fox,48,9672 May Rue Apt. 508,Aliciafort,Oregon,57108,-114.849274,-21.945517
6,Eric Henry,53,59475 Monique Plaza,Sarahfort,Oklahoma,99225,-175.113573,45.889354
7,Cynthia Foster DVM,45,485 Smith Groves,New Joeville,Colorado,30245,-156.137483,-80.312365
8,Erik Leon,58,353 Laura Loaf,Juliabury,North Carolina,64154,159.295402,10.5254835
9,Chris Campbell,32,1243 Fernandez Crest Apt. 047,Watkinsfort,Kentucky,78332,98.786659,25.286778
10,Alexander Padilla,79,25831 Stephen Stravenue Suite 851,Lanehaven,Idaho,67318,165.654489,-44.975040
11,Edgar Torres,19,25792 Lawrence Forge Suite 995,Williamside,Connecticut,04346,-116.718803,-34.9465265
12,Dennis Sandoval,35,761 Smith Village,New Ashleytown,Colorado,99345,-178.258649,0.8977885
13,Laurie Smith DVM,31,174 Newton Summit Suite 100,Evansfurt,Nevada,42567,-78.697567,-47.2320435
14,Kevin Andrews,52,3469 Yvonne Viaduct Apt. 189,Adamsborough,New Jersey,35805,-23.006618,-65.1686365
15,Eugene Perez,75,77981 Jill Wells Apt. 971,New Sandra,Wyoming,02527,-50.442056,-62.0291485
16,John Hill,46,1221 Anderson Bypass,South Gabriellaport,Florida,01703,7.003806,-83.1481525
17,Mathew Mcconnell,69,7606 Roberson Squares,Wallberg,Mississippi,44446,113.517222,-25.012051
18,Melody Giles,71,530 Howard Vista Apt. 481,South Melissa,Oregon,55298,-59.019890,-89.880101
19,Sylvia Perez,26,9881 Smith Via Apt. 092,South Nicholasside,California,08513,99.600836,3.937076
20,Beth Gomez,68,7500 Reyes Field,Patrickfort,Vermont,77491,89.792871,-84.3966525
21,John Dominguez,21,243 Taylor Walk,North Joshuaside,New Jersey,23766,102.243214,88.9801175
22,Russell Short,44,72222 Phillips Pines Suite 228,South Christophertown,Oregon,31646,129.729847,-16.804963
23,Dawn Greene,37,705 Natalie Mountains Apt. 578,South Laurenhaven,Kansas,74363,79.602020,-39.825219
24,David Reed,40,1449 Kathryn Dale Suite 930,North Travis,Arkansas,71544,102.079811,18.434058
25,Jennifer Ibarra,44,1902 Nguyen Skyway Apt. 423,Carterfort,Missouri,05171,118.824188,-12.443151
26,David Riggs,24,07921 Denise Crescent,Port Natalietown,South Dakota,70926,135.495218,27.878413
27,Steven Smith,52,70414 Davis Street,North Jasonshire,Idaho,30432,140.482761,-64.1591495
28,Jacob Vaughan,46,134 Barbara Roads Apt. 105,New Richard,Alabama,38975,-97.775320,15.179295
29,William Fields,42,673 Rodriguez Loaf,Port Carolinefort,Virginia,84796,91.643757,9.283244
30,Sarah Cook,27,5533 Garza Common,Tiffanychester,Kentucky,26082,174.573677,62.165836
31,Karen Jackson,59,453 Rice Key,Chavezland,Tennessee,13864,-112.897668,-8.928448
32,James Simmons,61,292 Huber Key Apt. 847,Laurietown,Maine,13939,-141.595632,-4.2838195
33,Laura Myers,37,27241 Steven Mill Apt. 135,Jonathanton,Texas,18835,-164.625381,74.414997
34,Lonnie Kramer,51,359 Jacob Row Apt. 240,West Kristi,Minnesota,83672,90.029439,38.6702655
35,April Moore,59,38903 Pena Springs,Port Lisaville,Rhode Island,52737,-128.632864,-38.311413
36,Jamie Richards,46,38836 Christie Oval,Barnesburgh,Rhode Island,46579,96.030967,-7.2796585
37,Carolyn Brown,69,341 Boone Avenue Suite 849,East Diane,Louisiana,60145,145.712107,-86.3692115
38,Audrey Berry,42,2918 Wheeler Valley,South Cassandra,Idaho,78361,160.424323,-41.4892735
39,Kelly Gutierrez,68,91899 Rebecca Forges Suite 316,West Dianaport,Louisiana,41883,-30.276627,-69.3212985
40,David Carroll,26,264 Rachel Extension Suite 571,Hickmantown,Idaho,14200,-134.198912,-59.3958425
41,Spencer Espinoza,37,63166 Melinda Loop Suite 316,Lake Carolyn,North Carolina,25566,144.638284,-23.9294135
42,Kimberly Johnston DVM,50,5446 Sara Hills Apt. 622,Lake Andreamouth,Louisiana,89823,29.218352,-22.8765855
43,Melanie Simmons,70,475 Eric Hills Apt. 692,East Steven,Delaware,80679,81.261298,-45.1760755
44,Brian Smith,69,735 Coleman Springs Suite 868,Matthewview,Oklahoma,24706,-48.716729,71.5876795
45,Amber Cox,68,4113 Ryan Orchard Suite 272,Michaelstad,Wisconsin,67208,-82.670357,42.6889245
46,Cameron Young,57,171 Kristin Radial,Wilsonside,New York,34281,-107.099486,79.998386
47,Brenda Ryan,51,0308 Holder View,Port Tina,Nebraska,07796,-32.456325,-18.2438925
48,Andrew Howard,46,04932 Charles Lights Apt. 484,Reneechester,Oklahoma,75487,-73.655644,-28.8793995
49,Kelly Wilcox,71,9793 Ware Hill Apt. 941,Valerieview,Connecticut,12318,-122.103789,-73.8815205
50,Amy Johnson,49,01151 Crystal Mountain Suite 707,Port Stephanie,Connecticut,17139,-8.640971,-24.636677
51,Scott Ortiz,60,71866 Bianca Loaf,New Ritahaven,Massachusetts,79516,-114.750223,-87.534891
52,Megan Frank,33,412 Harris Falls Apt. 326,New Melissa,Wyoming,10948,-144.985866,-47.1361395
53,Miranda Galloway,43,25200 John Estate Suite 751,West Nicolehaven,Nevada,78501,41.040510,6.547239
54,Madison Carter,67,2457 Jacobs Points,Castroburgh,North Dakota,04744,-167.377019,-6.0980625
55,Wesley Walton,47,626 Washington Lodge,Travismouth,Illinois,28757,-47.246206,-21.4476775
56,Kenneth Rios,51,7456 Frederick Burg Apt. 966,Baileyfurt,Utah,14166,-31.284936,48.327736
57,Thomas Decker,19,6221 Donald Mission,Port Angelmouth,Indiana,33766,140.123286,-42.9716905
58,Ashley Sherman,74,451 Kevin Station,North Dustinberg,Pennsylvania,71243,-5.006942,-46.998807
59,Christopher Washington,74,1666 Watson Manor,Pittmanville,New Jersey,70869,103.325143,-86.5182635
60,Robert Solis,38,194 Mackenzie Expressway,Port Erinchester,California,65681,6.879126,5.894973
61,Roy Lewis,78,5947 Franco Mountains Suite 247,Watsontown,Delaware,76686,-164.071324,-24.155518
62,Brendan Peterson,56,6739 Mills Street Apt. 254,Garrettstad,Utah,18339,-95.617585,-86.762596
63,Madison Carter,70,44128 Hughes Well Apt. 826,Donaldsonfort,Florida,12004,49.464366,74.9190375
64,Jason Davis,23,72986 Christian Flats,Tannerchester,Iowa,66489,151.311747,-18.988105
65,Melanie Mann,23,68152 Justin Shores,West Curtis,Colorado,41297,168.549199,4.0448995
66,Melissa Hampton,72,9765 Jeanne Vista,West Jenniferville,Rhode Island,95960,-116.281850,34.491759
67,Matthew Weaver,72,410 Stephanie Fort Apt. 402,Port Meganmouth,Pennsylvania,06942,131.587445,-50.598096
68,Rhonda Martin,63,7300 Daniel Fords,Campbelltown,Alabama,95738,-17.953361,-74.7716295
69,Alexis Clark,55,803 Leonard Park,Wrightshire,Indiana,02054,16.302312,-34.150406
70,James Hooper,39,4877 Jeremy Port,Lake Elizabethstad,Virginia,31039,-174.541095,-26.9979715
71,Kelly Crawford,71,64808 Rose Square Apt. 151,Port Jonathan,Wisconsin,18526,-126.270910,16.4670095
72,Natalie Wright,72,299 Steven Run,Lesliebury,New York,30792,63.828109,-77.4196455
73,Emily Brown,58,9587 Jerry Pines Suite 458,North Michaelhaven,South Dakota,19590,8.160168,-22.316784
74,Julia Carpenter,48,8796 King Ranch,Jonesberg,Illinois,28682,-113.144405,7.8360345
75,Carl Pope,30,0299 Reynolds Circle,Kelseyville,Oklahoma,85159,-105.198945,-69.937173
76,Alyssa Hodge,62,069 Gonzalez Glens,Port Melissaton,Utah,10124,-158.501294,-15.919546
77,William Kidd,52,69781 Shelton Dale Apt. 523,West Sherryhaven,Arkansas,30892,114.818473,70.4282785
78,Tyrone Powell,73,6170 Brown Ranch,Jessicaberg,Hawaii,24181,-10.052321,72.5245425
79,Trevor Tucker,60,3424 Alex Spring Suite 424,East Shelly,Florida,50370,-86.514220,-7.864595
80,Frank Harrison,38,50646 Williams Springs Suite 985,North Carolynbury,Utah,19690,100.816824,-69.789069
81,Karen Barnes,59,58200 Devin Isle,Lake Erik,South Carolina,47677,-144.931162,-45.259878
82,Robert Matthews,52,543 Christopher Islands Suite 084,Port Michael,California,80047,-178.597766,49.363006
83,Ronald Hardy,53,9851 Alexander Plains Suite 725,South Bryan,South Dakota,81635,25.093873,58.2386085
84,Maria Greene,67,626 Oconnor Fall Apt. 194,North Patriciaport,New Jersey,25175,-115.241728,-46.7502985
85,Julia Mcdaniel,54,5901 Oneill Gateway,Port Jeremymouth,New Jersey,56193,89.554852,-68.5283495
86,Michael Hernandez,41,6001 David Road,Thomastown,Montana,16484,133.506623,-52.0122945
87,Janet Wilson,70,2142 Joy Corner,Port Levifort,Maine,64302,68.080867,30.1634325
88,Joe Reed,37,8603 Ryan Parkway,Thomasmouth,California,22262,176.053746,-87.7969315
89,Brian Hamilton,79,32773 Brian Ridge Apt. 249,New Angelicaborough,Colorado,52464,-112.818670,56.965168
90,Harold Hamilton,33,695 Mosley Stream Apt. 531,Lake Patricia,Arizona,42709,-44.387189,85.2875985
91,Tammy Thompson,27,40916 Amber Expressway Suite 322,South James,Maryland,93837,-33.147439,-7.404694
92,Donald Butler,57,13681 Perez Well,Lake Joanland,North Carolina,32139,-71.397705,57.3532385
93,Stephanie Arnold,52,5726 Eric Plains Apt. 177,Lake John,Nevada,79939,-175.822717,60.187648
94,Michael Bell,20,832 Jennifer Via Apt. 415,Donaldmouth,Virginia,79837,-172.130448,44.5578765
95,James Little,46,766 Thomas Manor Apt. 135,South Karenfurt,Massachusetts,89632,169.159849,46.9710465
96,Aaron Craig,77,48645 Costa Station,Potterfurt,Nevada,28739,-63.356759,64.817319
97,Christian Cooper,30,022 Chelsea Courts,Danielfurt,Nevada,34222,-155.980780,54.0650515
98,Andrew Williams,33,7556 Daniel Square Suite 916,Youngburgh,New Mexico,04449,-6.167677,-85.446197
99,Ms. Jasmine Hunter,71,6775 Jeffrey Lock Apt. 768,Suttonfort,Georgia,97144,132.313547,89.622413
100,Lisa Roman,24,0425 Cantu Spur Suite 931,Sanchezbury,Texas,81148,138.664031,-29.5522095
101,Jonathan Martinez,44,2946 Lisa Tunnel,East Amandamouth,Hawaii,09175,-61.905698,31.804263
102,Bobby Valentine,35,24672 Flynn Via,Port Evelyn,North Dakota,38401,178.961863,22.4136895
103,Natalie Johnson,33,5007 Williamson Spur Apt. 424,West Julieborough,Pennsylvania,35508,47.925368,-79.1557155
104,Jorge Nash,26,7717 Brian Corner Apt. 242,Traciside,Colorado,19521,-82.287941,80.821887
105,Mr. Casey Roberts,62,81481 Katherine Wells Apt. 465,West Brianland,Iowa,56208,-29.279048,-66.559422
106,Nancy Foster,20,9464 Smith Villages,Williamsmouth,Montana,79521,101.353918,-72.6915075
107,Kyle Williams,67,065 Kevin Ports,West Emily,North Carolina,50291,-28.814924,26.815600
108,Andrea Lopez MD,52,32187 Mason Garden,Jamesborough,South Carolina,97385,178.717808,14.4890125
109,Jose Webb,40,655 Dennis Spurs Suite 018,Mcdanielberg,Illinois,22892,-143.128583,52.2531025
110,Devon Miles,30,6960 Robert Forest,West Peter,Montana,01370,80.021829,57.382371
111,Richard Hooper,47,7134 Debra Branch Suite 142,Deannaton,North Carolina,13516,-120.462980,-35.5173275
112,Kim Thompson,27,50491 Carroll Plaza,Lake Frederick,New York,66890,143.313491,-82.1174355
113,Thomas Lee,35,656 Jon Lock Suite 092,New Sarah,Ohio,28784,-158.390177,52.711934
114,Melanie Webb,72,86851 Ashley Plaza Apt. 373,East Rodney,New Jersey,40110,111.856473,-66.009496
115,Samantha Wallace,27,398 Rose Prairie,Nicoleborough,Tennessee,71125,39.155676,65.3384665
116,Matthew Morgan,57,09280 Julia Loaf Suite 844,Adamtown,Oregon,88006,-119.466157,-4.2170415
117,Stephen Wright,40,5883 Lawrence Trail,Kevinside,Louisiana,29459,96.864677,49.8088135
118,Daniel Walsh,75,2400 David Field Suite 682,Stevenview,Minnesota,43910,73.539473,-65.5791785
119,James Hayes,27,89587 Shannon Falls Suite 675,West Courtney,Iowa,68956,37.602541,-48.874134
120,Brenda Flores,22,863 Sherry Passage,Port Nancy,California,75267,142.440009,-2.238423
121,Stephanie Hess,72,800 Eric Vista,North Gene,Hawaii,99017,-54.170368,-19.748440
122,Matthew Thomas,18,83246 Gray Parks Apt. 051,Judithburgh,Georgia,96854,21.150796,-27.1253925
123,Gail Velez,80,113 Martin Burgs Apt. 920,Kimberlychester,Vermont,72709,125.486080,77.858042
124,Sabrina Davidson,48,247 Mathew Vista Suite 080,East Natalie,Virginia,66290,82.481940,87.2329285
125,Megan Stanley,76,9440 Mooney Village,Patriciahaven,Colorado,31770,-158.419653,25.0485885
126,Anna Ruiz,65,487 Jensen Route Suite 745,Amytown,Washington,17738,0.987772,76.8844145
127,Emily Merritt,24,17610 Jennifer Estates Apt. 486,Nguyenhaven,Wisconsin,73688,26.315617,-47.3483985
128,Theresa Williams,30,93175 Lambert Spurs Apt. 161,Sullivanborough,Nebraska,05770,124.119158,30.6616205
129,Jimmy Collins,69,966 Kimberly Lock,Andreatown,Georgia,00677,127.897221,58.879962
130,Matthew Griffin,78,577 Christopher Station Apt. 384,Kaitlynville,New Hampshire,42190,3.036678,67.7973705
131,Kelly Wells,54,442 Kathy Lights,Campbellbury,Massachusetts,22681,-164.907973,-0.7421645
132,Daniel Murphy,35,0762 Bryan Common Suite 603,Sharonmouth,South Carolina,79733,-56.946234,-65.2127755
133,Michael Jackson,73,4495 Kaitlyn Key,New Bryan,West Virginia,96812,51.463996,-12.850798
134,Ryan Donovan,48,349 Denise Rest,Mccartyburgh,Rhode Island,56046,74.834551,-43.809802
135,Deborah Sharp,77,813 Todd Lodge,Richardsbury,Delaware,81948,-157.089656,-3.5892445
136,Ashley Estes,63,16619 Vanessa Mission Suite 738,West Daniel,Oklahoma,59190,-58.209225,-79.3400425
137,Valerie Coffey,69,5444 Martinez Extension,Richardshire,Louisiana,04037,-175.977086,-35.8301895
138,Joseph Newman,59,74875 Mitchell Ports Apt. 633,Stevenville,Texas,36913,92.621185,-74.6808185
139,Anthony Johnson,58,7188 Joseph Drive,North Denisetown,Maryland,66442,-127.354481,-54.119176
140,Brenda Dixon,69,2737 Kristen Land,Wisestad,Arizona,52701,134.404706,55.4172055
141,Amy Evans,52,176 Alejandro Ramp,New Richardburgh,Minnesota,62588,177.807978,12.190633
142,Jerry Huffman,38,68441 Joseph Pike,Saraside,Montana,73375,102.986418,48.086290
143,Samantha Gallagher,40,227 Anna Route,East Brendaborough,Nebraska,44838,116.225026,-46.2888655
144,Jordan Freeman,75,0055 Gonzales Path,Mcgeebury,New Hampshire,43181,156.916825,74.1959535
145,Angela Arnold,28,102 Jennifer Crossroad,South Jacob,Iowa,62470,76.062099,61.4731055
146,Daniel Moore,79,54805 Wallace Tunnel Suite 832,Evansbury,Washington,89721,-92.938984,-6.474068
147,Perry Brown,78,0241 Darlene Burgs,Gabrielbury,Indiana,17260,-112.494286,-43.7152575
148,Jason Bryant,60,2775 Thomas Ramp Suite 989,Port Brandonton,Indiana,14076,-124.771058,-64.654564
149,Robert Gonzales,44,1740 Steven Manor Apt. 146,East Kristy,Minnesota,53572,108.266722,-32.525756
150,Michele Walker,46,1584 Stephen Glen,Lake Megan,Washington,98257,87.952247,72.040901
151,Penny Lucas,40,089 Joseph Isle,North Sarafort,Nevada,41916,175.812762,-80.2972685
152,Kim Gomez,53,203 Thompson Divide Apt. 844,Christinaview,Illinois,97098,-67.254540,73.4786655
153,James Fritz,30,709 Clifford Shoals,Shannonmouth,Montana,25088,-48.493390,-13.101165
154,Mr. Austin Calhoun,31,069 Thomas Flats Apt. 590,South Mariaview,Michigan,13135,-126.367923,-6.6599435
155,Michael West,25,01607 Bradley Drive Suite 603,New Sarah,South Dakota,37355,-93.268464,53.133855
156,Angela Massey,73,3802 Adams Junction Apt. 372,Mcknightshire,Louisiana,59317,-116.538417,-79.7006325
157,Carrie Martin,47,896 Walls Station Apt. 496,Danielville,Mississippi,83942,43.321645,-75.4754415
158,Julia Spears,56,887 Wright Trail Suite 806,North Michaelville,Nevada,16749,52.225350,-40.3278395
159,Philip Dudley,49,712 Ortega Centers,Whitebury,Montana,11081,75.416844,55.072350
160,James Hunt,59,73759 Murphy Pass Suite 306,Robertmouth,Arizona,84310,126.606121,55.289089
161,Victoria Harris,29,2701 Bell Islands,New Daniel,Kentucky,46422,-53.940483,77.3932155
162,Casey Farley,24,656 Anna Burg,Hunterstad,Washington,46889,-121.251352,86.095870
163,Jennifer Haynes,43,9919 Stephanie Drives,Christinastad,Massachusetts,93261,53.651851,-61.3233005
164,Sheri Wallace,66,882 Terry Route,Adamstad,Delaware,59151,-27.596333,-34.5589705
165,Bobby Valenzuela,58,322 Hopkins Bypass Apt. 270,Kennethville,Nevada,30774,134.261335,24.478485
166,Christopher Wilkerson,38,13956 Harris Shores Apt. 725,Port Alyssaborough,Louisiana,06332,-128.633048,77.0065745
167,Jennifer Gray,66,392 Edward Glen,Lake Victorside,Kansas,48080,22.748150,49.760553
168,Tina Gonzales,75,18596 Justin Lane,Shortmouth,Alaska,06363,-10.713032,-45.3239765
169,Kurt Smith,72,06955 Gonzales Highway Suite 909,Butlerberg,Arizona,43800,-146.982670,-42.474039
170,Lori Hill,43,2946 Mosley Land,North Terrifort,Minnesota,31629,-39.749371,-69.2446275
171,Jennifer Ferguson,37,192 Joshua Turnpike,Wallaceberg,Mississippi,57264,52.881930,17.525046
172,Angela Spencer,79,72703 Justin Greens,West Adam,Minnesota,74562,-120.027554,-60.9589265
173,Erica Steele,69,546 Blair Haven,Lauraview,Montana,13327,16.627691,-13.386665
174,Melissa Sharp,28,045 Henson Neck Apt. 310,Hernandezfurt,South Dakota,76923,125.505279,-83.4243665
175,Elizabeth Coleman,75,34666 Darryl Fords Apt. 647,Valentineton,Missouri,73354,39.697707,-29.149041
176,Kathy Bruce MD,26,20696 Amanda Keys,Geraldport,Tennessee,68627,36.432015,38.1378095
177,Cameron Thompson,65,9528 Jason Hills Suite 666,South Julie,Texas,84724,76.621832,-61.275659
178,Kelsey Ramsey,61,066 Jeffrey Mews Suite 362,West Brandon,North Dakota,35659,43.650682,80.761032
179,Matthew Sheppard,51,8705 Manuel Shoals Apt. 777,Lake Scottville,Mississippi,21682,143.386966,-87.3859455
180,Charles Cunningham,25,9491 Jonathan Plains,Timothyton,Pennsylvania,24372,99.283839,16.6999645
181,Michelle Bennett,80,09963 Michael Corners Suite 083,Chapmantown,New Mexico,62120,-1.196037,21.3472405
182,Dylan Doyle,29,46662 Vanessa Avenue,South Jonathanfort,Nevada,09415,38.196724,48.1961835
183,Thomas Rodriguez,49,77021 Amanda Row Suite 057,East Joseph,Maine,49111,-14.608181,82.572420
184,Heather Stewart,67,6267 Nicholas Flat Apt. 022,South Matthew,Arizona,07142,-10.180247,-60.7457725
185,Kimberly Taylor,65,520 Rebecca Lights Suite 363,Brentview,Utah,93589,-91.784272,-5.976880
186,Cynthia Davis,79,7254 Thomas Groves Apt. 141,Lake Brianborough,Michigan,25871,5.735053,34.359250
187,Daniel Allen,70,380 Leonard Course,Lake Kathryn,Connecticut,06764,68.533578,78.200811
188,Brian Aguirre,25,431 Brittany Crest Apt. 016,Owensmouth,Alaska,05754,103.081309,-84.0352395
189,John Banks,49,5113 Fitzpatrick Tunnel,South Brooke,Mississippi,70095,154.923089,48.7765325
190,Evan Sampson,50,605 Torres Turnpike,North Josephborough,Maryland,18877,59.671026,-6.7345765
191,Christopher Simpson,36,14283 Cheryl Tunnel,Ramostown,Mississippi,57088,-69.742721,36.9492635
192,Courtney Wallace,31,167 Hayden Key Apt. 237,Aprilchester,Texas,15532,-11.370366,89.5880085
193,Nathan Dean,18,281 Ryan Roads Apt. 408,East Melvinmouth,West Virginia,01444,-31.457833,-69.7656435
194,Jacob Johnson,79,22639 Walker Street,Lorifort,Ohio,22033,63.307011,9.8400295
195,Nicole Meza,39,74270 Salazar Path Suite 793,Calebtown,Connecticut,21712,-148.593125,-69.4677875
196,Carl Jordan,68,8571 Victoria Pass Apt. 506,North Charleschester,Michigan,42208,115.949748,52.0309595
197,Kimberly Snyder,76,2234 Williams Keys Suite 290,Frankstad,Minnesota,59955,105.350188,-20.7527565
198,Carmen Michael,28,91697 Smith Skyway Suite 752,Moranmouth,Tennessee,40286,-133.053724,-66.390226
199,Randy Dickerson,19,2722 Kimberly Pine,North Angelamouth,North Carolina,37002,-102.626979,-89.1569185
200,Jonathan Scott,42,653 Cooke Lodge,East Davidborough,Texas,27684,60.507932,-12.1515905
201,Pam Walker,54,84423 Shari Rapids,Davidfurt,Colorado,62732,-137.264043,39.239153
202,Alexandra Hall,35,5694 Werner Gateway,Butlerborough,Indiana,42029,72.248113,83.279641
203,Robert Diaz,55,516 Michael Station,Cooleyport,Kansas,86501,-105.255382,50.1549925
204,Ronald Myers,18,6201 Brooks Glen,Garciaside,Alaska,67024,10.328564,10.975526
205,Jasmine Ray,39,78489 Alexander Track Apt. 523,New Michaelberg,Kansas,13054,94.295405,-73.974854
206,Michele Cox,44,4359 Nguyen Fork Apt. 696,West Michaelshire,Indiana,19492,-133.250005,12.861215
207,Juan Bell,58,694 April Green,East Margaret,Nevada,00654,179.811656,55.935625
208,Michael Parker,42,4399 Julia Stream Apt. 337,Jaimehaven,Utah,93282,-45.815952,70.6114325
209,Jake Johnson,55,0141 Foley View Apt. 922,Hubbardview,Mississippi,04993,-56.184125,-82.1480825
210,Janice Armstrong,58,80991 Pineda Circle,Rachelville,Maine,06967,65.004334,89.0921225
211,Robin Walters,20,7224 Wheeler Pike,North Erinport,Florida,88646,-120.859759,11.7933085
212,Monique Ferguson,49,89039 Matthews Villages Apt. 078,Lake Christopher,North Carolina,14298,142.184041,-41.477991
213,Brian Reyes,44,905 Alexander Hill,Elizabethmouth,Massachusetts,31453,-154.615912,88.2660615
214,Anthony White,52,97537 Valerie Road,North Lynnburgh,Connecticut,51443,-86.821946,50.575764
215,Michelle Cobb,29,4815 Weaver Prairie Apt. 448,Elizabethmouth,Louisiana,88324,-172.811180,88.814860
216,Jose Castillo,37,45430 Perez Freeway,Schneiderton,South Carolina,89592,-67.355226,81.344435
217,Katie Avila,75,928 Guzman Junctions,Port Jennifer,Tennessee,52009,-112.454649,-57.245373
218,Julie Townsend,57,9669 Ryan Plaza Suite 363,East Joseph,Oregon,39495,-168.309244,-83.3826545
219,Andrea Obrien,74,86235 Kramer Mills,Rodriguezville,Alaska,69760,-163.659256,-78.186844
220,Charles Jensen,78,496 Pruitt Turnpike,Nataliefort,Alaska,80183,132.326524,59.4528705
221,Katelyn Briggs,31,27290 Christopher Brook,Singhstad,Massachusetts,22234,-88.312431,-1.689434
222,Cheyenne Miller,50,04767 David Islands,Matthewberg,Oregon,76173,-133.129387,49.7649935
223,Dustin Underwood,44,97400 Jodi Causeway,Kimmouth,Wisconsin,78138,-170.527395,-16.802769
224,Tracey Farley,35,97722 Colin Drive Apt. 869,East Paul,Hawaii,30298,-8.233211,75.535961
225,Richard Noble,41,276 Matthew Plain,East Jessica,Missouri,10712,109.313026,19.3504025
226,Terry Huber,79,813 Valdez Points Apt. 967,East Sheri,New Hampshire,88483,-0.604923,-69.947453
227,Pamela Young,25,36481 Horton Skyway,North Jason,New Jersey,25720,-151.395309,-74.653412
228,Donna Wagner,77,560 Justin Meadow Apt. 525,Lake Catherineberg,Iowa,94650,-144.624700,-31.483727
229,Cheyenne Middleton,57,5391 Liu Stream Apt. 195,Port Amberchester,Illinois,72270,-137.070399,-13.7626945
230,Tyler Moyer,69,500 Tara Skyway,East Carolynport,New Jersey,60213,-164.120163,8.3045945
231,Cathy Costa,31,0613 Rivera Parkways,Port Johnmouth,Arkansas,89823,13.931499,-39.4037105
232,Jesse Williams,23,14826 Taylor Freeway,Mirandaville,Louisiana,65347,-159.783299,-72.7690945
233,Michael Brown,20,63872 Romero Mountain Suite 352,New Lisaburgh,Utah,65535,67.232734,53.8518405
234,Erica Dyer,46,521 Melissa Gardens,Velezside,Washington,54926,-165.041770,51.9961755
235,William Rodriguez,46,5144 James Prairie Suite 955,Frazierview,Rhode Island,64069,168.484404,-73.6772385
236,Michael Taylor,41,641 Joseph Expressway,Bradleyfurt,Alabama,67932,-26.310888,-44.2804525
237,Erin Williams,67,8290 Phillips Walk Suite 088,New Dawnchester,Illinois,92339,-110.927525,63.5166275
238,Christopher Singleton,59,6621 Peterson Mountains Apt. 831,West Micheleberg,Kansas,07736,-90.010005,87.150194
239,Cynthia Hanson,69,433 Angela Forks,Mariabury,Indiana,11153,169.485090,-87.5082655
240,William White,40,5597 Karen Underpass Suite 353,Port Joshuaburgh,Massachusetts,37491,146.019143,50.0264875
241,Matthew Mckinney,52,448 Jeffrey Extension,Daviestown,Texas,85389,-41.514892,-17.031221
242,Jennifer Vasquez,23,07529 Megan Square,Brucechester,Rhode Island,89256,86.494242,-88.4005705
243,Stephen Hernandez,59,976 Cooley Lights Apt. 893,Wendyville,Michigan,78749,21.234789,29.1930305
244,Evelyn Acevedo MD,76,3947 Gonzalez Run Apt. 663,New Joseph,Vermont,94648,-138.434321,-55.8702125
245,Holly Murray,41,05586 Ruth Divide Apt. 820,East Christine,Vermont,89643,36.645841,40.4113905
246,Jared Rogers,39,362 Ashley Cliffs,Codychester,Maryland,59836,142.848847,-50.8253845
247,Darrell Ruiz,42,852 Mary Highway Suite 274,Walterfurt,Iowa,34719,-95.078864,40.4609255
248,Amanda Young,50,884 Lang Land Apt. 118,Jeffreymouth,California,65886,-174.641683,-89.863136
249,Stacey Villarreal,42,023 Roger Ports,North Christopher,Michigan,31260,162.396996,25.039559
250,Michelle Ford,70,30426 Rodriguez Estates Suite 885,Johntown,New Jersey,29841,-1.016284,-9.769609
251,Gregory Mills,55,69500 Harris Divide,New Mark,New Hampshire,83749,-5.549259,-89.982425
252,Amy Reed,39,700 Miller Greens,Lewismouth,Arkansas,76303,74.684465,32.6496145
253,Thomas Miller,32,822 Coleman Flat,East Edwin,New Mexico,91128,144.443690,8.132437
254,Sarah Lee,19,4505 Sean Motorway Suite 767,Lozanomouth,Maryland,77169,-90.683788,24.3896405
255,Christian Anderson,68,98063 Crystal Village Suite 346,West Williamport,Wisconsin,24878,-59.353131,-74.829484
256,Samantha Strong,39,6405 John Mills,Johnsonton,Montana,66345,118.704238,80.079269
257,Ellen Alvarado,80,9730 Green Mills Apt. 935,Johnsonshire,North Carolina,10866,98.737433,-37.9913815
258,Jeffery Hood,50,3448 Pugh Harbor,Brianmouth,North Dakota,09665,-108.080167,-12.015509
259,James Holland,48,11380 Mejia Point Suite 013,Denisehaven,Maine,17917,3.014457,-60.920183
260,Ashley Miller,31,47946 Mejia Union,Port Mark,California,37091,164.189802,-58.651794
261,Miguel Coleman DDS,26,973 Baker Throughway Suite 683,North Amyton,Louisiana,24198,-21.325235,79.868374
262,Melissa Lopez MD,64,78867 Castillo Points,Brookeshire,California,54381,2.909981,-58.921062
263,Katherine Miller,30,71223 Aaron River,Justinfort,Wisconsin,20585,-142.800627,-55.193383
264,Jenny Reid,71,855 Miller Fort,New Kennethmouth,Delaware,93607,28.451040,75.6807965
265,Oscar Dodson,45,8019 Morales Path Suite 538,West Chadfort,Delaware,27734,152.395763,-64.0968925
266,William Herrera,35,544 William Stream Apt. 720,Port Brooke,Illinois,48239,-179.512056,53.943104
267,James Sparks,27,702 Hoffman Manors Suite 547,Jonesberg,Arkansas,25801,-98.383053,88.609918
268,Derrick Mejia,25,0802 Abigail Brooks,Jonesmouth,Wisconsin,24372,31.396861,-16.1004015
269,Christy Fisher,78,14837 Alexandria Fall Apt. 881,West Dianefurt,Michigan,68999,6.040819,37.4741185
270,James Watts,73,0588 Hawkins Wells,South Donna,Maine,08906,144.000715,18.623523
271,Roy Brown,70,165 Jonathan Greens Suite 657,North Tinaton,Alabama,57590,60.854262,-88.780004
272,Hannah Caldwell,25,3833 Linda Bypass,South Charles,New Mexico,72624,-154.107911,30.6818475
273,Raymond Simpson,59,293 Mendez Roads Apt. 351,Tonyton,Colorado,03190,52.773529,45.500980
274,Joshua Baker,36,348 Jason Lake,East Kimberly,Kentucky,36588,125.008914,-19.2314765
275,Jeff Blair,65,89067 Vaughan Square,West Cindy,Wisconsin,12391,-153.272421,-37.7380625
276,Andrea Brown,40,7663 Kyle Crossing Suite 062,Markview,Kansas,05897,130.429496,37.383168
277,Michael Wilcox,33,87485 Kelley Shoals,Lawsonville,Kansas,55724,-132.786419,44.8384675
278,Jessica Becker,44,397 Joseph Fords,Zimmermanchester,Rhode Island,40380,-20.369297,88.0518375
279,Kirk Walters,46,78603 Taylor Manor Apt. 735,South Cheyenneburgh,Alabama,24175,120.300568,-70.7107135
280,David Rose,27,505 Natasha Drive Apt. 036,South Jacqueline,Colorado,08859,150.068868,-74.5917665
281,Phyllis Yang,64,2681 Austin Cape,Brittneyport,New Mexico,36949,42.663648,1.333173
282,Aaron Patel,57,96852 Hernandez Glen Suite 529,Duncanburgh,Ohio,79614,-3.063427,35.9798465
283,Sylvia Newman,71,573 Martin Dam Apt. 558,New Kathrynshire,Utah,24113,-115.853319,44.7190975
284,Russell Gray,65,1036 Bennett Stream,West Cynthiaburgh,Arkansas,45961,-174.629220,20.9703155
285,Anna Mercado,52,5655 Perez Prairie,Jonesbury,Colorado,92481,50.317544,-29.859378
286,Joshua Henderson,73,79132 Martin Cliff Suite 157,Suzannehaven,Georgia,90743,-146.343850,-35.922831
287,Kevin Goodman,74,604 Gloria Village Apt. 336,Davidfort,Massachusetts,21118,-107.330605,83.735047
288,Lisa Moore,55,4918 Howe Ferry,Vaughnfort,California,23496,82.471146,-39.0103525
289,Douglas Washington,79,29477 Foster Parkways Apt. 972,Gonzalezview,West Virginia,22964,-32.211484,20.414169
290,Travis Nguyen,68,26576 Wilson Village,Lake Ginashire,North Dakota,28492,-66.720178,37.966592
291,Laurie Gilbert,39,1489 Ramirez Points Apt. 302,Harrisstad,South Dakota,23230,-78.803661,1.536454
292,Hector Alexander DDS,40,59913 Bartlett Lake,New Michaelport,Georgia,52658,-19.870812,78.492365
293,Madison Bush,21,251 Rodriguez Views,West Christopher,Michigan,12462,91.347980,-74.9225255
294,Timothy Silva,25,91547 Kimberly Track Suite 746,New Stephen,New York,97787,115.311705,-4.125581
295,Stefanie Carter DVM,60,72785 Lauren Garden Suite 347,Ashleychester,South Carolina,65160,-47.881863,56.3479965
296,Dorothy Williams,43,370 Angela Via Suite 321,North Sydneyfurt,Nebraska,75344,-66.040220,-58.1855835
297,Philip Cooper,23,36459 Cruz Creek,East Michael,Wyoming,07831,159.660183,-75.8325635
298,Paige Harris,50,639 Katherine Drive Apt. 220,South Ericaville,New Mexico,43425,18.102291,39.8353265
299,Denise Sanders,75,477 Matthew Shoals,Bradleyfort,Vermont,88029,-57.236701,10.736809
300,Erica Harris,80,5286 Curtis Stream,Ballardshire,New Jersey,73641,83.017158,-35.4394545
301,Brian Perez DVM,52,006 Kelly Ridge Suite 414,Leehaven,Idaho,70730,-158.762535,-26.6902085
302,Bradley Michael,64,981 Garrett Curve,Perryborough,Illinois,33478,-140.884214,-49.8616325
303,Raven Brown,72,64380 Gibbs Ramp Apt. 294,South Matthew,North Dakota,65091,-68.612089,-88.931209
304,Mrs. Samantha Moran,68,922 Baker Lake Suite 460,Mezamouth,Maryland,69846,-176.605947,46.520042
305,Tracy Collins,51,76786 Richard Unions Apt. 270,Shawnville,Hawaii,54794,91.312905,21.4873265
306,Dr. Anthony Hughes MD,24,823 Rebecca Lakes,Port Samantha,Georgia,53100,8.739543,-15.376564
307,Jordan Newman,70,13781 Murphy Glens,West Shawnaborough,Illinois,79605,125.821325,-28.073562
308,Mr. Paul Nash,21,46781 Thomas Bridge,East Alexanderport,Arizona,25841,-165.196988,-68.3981275
309,James Nicholson,66,30968 John Unions Apt. 722,South Debrabury,Nevada,72783,155.693043,0.4294105
310,Nancy Phillips,72,37958 Allen Mill Apt. 690,South Elizabeth,South Carolina,78998,169.934313,36.241223
311,Stephen Cook,62,8693 James Hill,Kaylaville,Alabama,05580,45.084861,87.4968175
312,Donald Andrews,69,266 Melissa Corners Suite 812,West Melissachester,Illinois,96616,-176.198160,67.771218
313,Cheryl King,21,61993 Burton Forges Suite 469,Grimesland,Indiana,67735,-54.873212,-0.323141
314,Scott Dixon,21,1592 Joseph Square Apt. 931,Douglasfort,Wyoming,99348,-36.726903,1.392290
315,Natalie Pierce,61,757 Miller Locks,Michaeltown,Texas,50785,-84.849504,-83.5556755
316,Benjamin Price,31,55518 Richard Pine Apt. 978,Annastad,Missouri,26416,11.606490,83.5178725
317,Lori Harris,53,585 Trujillo Expressway Suite 566,New Brandon,Mississippi,70835,-81.343641,47.979670
318,Edgar Myers,29,9101 Jay Garden,North Angela,Pennsylvania,88102,-114.101747,26.373820
319,Christopher Hawkins,62,340 Gregory Forge,Lake Elizabethbury,Kansas,16724,-97.939621,-31.438321
320,Ruth Hernandez,73,600 Janet Islands Suite 872,Chadbury,Idaho,07542,179.217335,-83.5675215
321,Makayla Scott,41,209 Nguyen Viaduct Suite 480,Lake Heather,Louisiana,40986,138.370268,-77.718391
322,Jeffrey Wood,47,9230 Joel Wall Suite 335,New Timothymouth,South Dakota,83835,27.436311,-9.530485
323,Thomas Wells,70,18464 Harris Well Suite 519,Ramirezville,North Carolina,53310,-51.430033,-89.9206315
324,Stephanie Mitchell,25,7649 Sanders Springs Suite 291,South Codyport,Missouri,97538,16.143121,-38.1085985
325,Jenna Ellis,78,3412 Liu Road,Julieland,Wyoming,96073,-24.391719,85.3420915
326,Austin Young,25,9814 Torres Extension,North Davidmouth,Texas,93656,-90.881217,-87.183749
327,Mrs. Amanda Garner DDS,72,49598 Mcneil Oval,Port Christineborough,Montana,42226,-32.186557,78.9404125
328,Brittany Rodriguez,46,519 Dwayne Brooks Apt. 454,Lake Travis,Georgia,32738,31.051094,-8.9965595
329,Adriana Williams,74,84571 Kelley Mountains,Rayport,South Dakota,22117,124.155100,-30.641820
330,Natalie Reid,60,676 Maynard Pike Apt. 948,Williamsonfort,Virginia,65746,13.423790,-78.196900
331,Dawn Ruiz,31,3377 Paul Isle,New Reginastad,Wisconsin,18312,11.199449,-89.0746295
332,Dennis Smith,26,87980 Roy Way Apt. 396,Christinefurt,Nevada,56103,-14.359133,51.457776
333,Ronald Adams,47,40330 Hester Falls,Dicksonside,New Hampshire,99273,105.429331,-18.867228
334,Daniel Golden,57,51906 Geoffrey Forest,Vasquezbury,Oklahoma,09685,55.021693,23.0990885
335,Jennifer Brooks,35,826 Allen Loaf,Lake Jessicaport,Rhode Island,32937,79.498602,-30.7908335
336,Eddie Anderson,39,653 Rice Square Suite 021,South Martinmouth,Mississippi,05464,-109.491467,-11.7182165
337,Brianna Alvarez,38,44462 Hernandez Landing,East Heather,Tennessee,70386,-134.328226,-88.320258
338,Rebecca Kim,25,1361 Johnson Spring Suite 969,Port Samanthafurt,Massachusetts,64374,-106.753793,58.8071985
339,Andrea Grant,23,028 Stewart Court Apt. 087,East Elizabeth,Montana,49131,-62.045020,44.782157
340,Jeffrey Thompson,42,5384 Jorge Route,Loriview,Connecticut,14415,-137.012983,-58.7753155
341,Meghan Cox,22,9776 Schmitt Circle,Lake Rachelton,Arizona,28966,16.033719,22.6215065
342,Michael Rojas,64,75036 Simpson Rapid,Port Ashleyhaven,Mississippi,26538,50.900804,-70.958851
343,Jill Smith,28,077 Alexander Branch,Christopherton,New York,35572,19.075560,-10.8858435
344,Julie Wells,72,48280 Watkins Unions Apt. 018,North Kristinatown,Virginia,69779,52.545105,-8.822899
345,Crystal Johnson,71,2252 Mahoney Cliff Suite 983,Jonathonshire,Colorado,34602,141.688815,-19.963908
346,Kylie Price,58,024 Michael Street Apt. 251,New Eric,Ohio,55778,-72.814361,59.210670
347,Debra Green,62,7830 Amy Dale,Lake George,Alabama,84282,18.560727,40.033353
348,Matthew Myers,76,78511 Jessica Freeway,New Brian,South Dakota,42374,-105.732277,78.7260935
349,Brittney Hall,68,633 Smith Creek Apt. 618,East Edward,North Dakota,05351,-135.787732,-2.577541
350,Dr. Gilbert Harris,40,828 Hurley Hollow Suite 672,Meghanfurt,Illinois,41874,-9.608602,72.893997
351,Christy Hall,47,069 Day Stravenue Apt. 836,Prattland,Illinois,63974,-80.115225,-67.163286
352,Gregory Kim,45,24292 Barnes Shoal,Port Cynthiaside,Nebraska,91274,-119.941836,53.973251
353,Blake Lewis,64,278 Jacob Stream,Lake Tyler,Wyoming,31857,125.225861,56.305230
354,Timothy Harris,29,7331 Moore Extension,Brianberg,Georgia,77361,-48.775160,-71.9930585
355,Michele Bird,63,18744 Margaret Highway,South Kennethborough,Nevada,76643,-8.099742,59.5205325
356,Joshua Rice,25,83045 Bush Corner,Kiaraberg,Arizona,57693,57.720966,-72.306343
357,Donna Malone,50,5953 Melissa Trafficway,Youngville,Kentucky,16822,-66.223119,-86.211419
358,Shirley Gordon,73,8742 Dylan Expressway Apt. 021,Justinhaven,Tennessee,88877,87.696109,-63.352633
359,Michael Allen,69,9856 Bradley Row Suite 697,Deborahton,Indiana,03413,127.391038,29.4259505
360,Rachel Raymond,36,0290 Carolyn Ferry Apt. 913,South Matthewhaven,Wyoming,10093,-107.485958,40.091179
361,Steven Mckinney,39,036 Dominique Corner,Richardstad,Wisconsin,42423,-133.823041,-74.7028565
362,Thomas Juarez,73,4552 Glover Fords,South Rebeccaport,Oklahoma,13735,82.711234,-80.5855115
363,Allen Palmer,55,7054 Pineda Center,Jeffreyshire,Kentucky,50360,-170.472581,53.793840
364,Jared Eaton,63,07216 Smith Trail Apt. 878,Linhaven,Louisiana,91373,120.825045,66.001927
365,Corey Lane,52,467 Stewart Heights,Petersonfort,Arkansas,62884,143.745089,-80.889808
366,Heather Rodriguez,28,720 Wallace Isle Apt. 691,Marialand,Arizona,94380,-139.884231,3.911341
367,Kevin Miller,72,90319 Meagan Shoal,Evansport,Alabama,42141,134.162784,75.0839575
368,Jane Miller,36,4263 Miller Corners Suite 917,North Jenniferbury,New Mexico,71854,-117.719776,-24.2070145
369,Harold Cohen,44,1479 Carter Ferry,Leonardberg,Montana,03754,10.817554,-55.106419
370,Daniel Jones,54,1763 Walters Forges Suite 003,Gibsonstad,Tennessee,01617,-33.742776,-19.7716185
371,Pamela Vega,20,67663 Boyer Turnpike Suite 963,South Mark,Iowa,79029,60.455845,-58.1195335
372,Stephanie Garrison,60,8659 Parker Cliffs Apt. 659,Brianburgh,New York,70248,28.244631,26.302159
373,Bryan Jackson,30,5046 Fitzgerald Neck Apt. 440,North Heathertown,Hawaii,22304,-82.544185,80.864406
374,Karina Harris,28,7629 Robert Knolls,Jaclynton,Arizona,79577,-11.747379,-4.170566
375,Paul Brown,53,4510 Cannon Divide Suite 213,Brandonbury,Minnesota,29173,159.841988,70.611135
376,Lauren Gardner,63,79414 Cordova Glen Apt. 180,Katherinechester,Massachusetts,94805,-121.509816,33.4881975
377,Stacy Gonzales,53,61496 Allen Hollow,Lake Robertberg,South Dakota,47191,116.197619,79.989531
378,Stacey Oliver,38,55311 Jonathan Lake Apt. 297,Lake Tinatown,Alabama,04270,169.994948,49.2893785
379,Kristin Jones,75,3081 Jason Alley Suite 964,North Melanieland,West Virginia,08187,-70.248321,-38.941087
380,John Perry,47,70633 Mckenzie Square Suite 376,Guzmanstad,Idaho,69139,-72.864132,10.370114
381,Cynthia Palmer,31,336 Klein Plain Apt. 145,Lopezfurt,Mississippi,75517,-3.602662,13.315838
382,Michael King,65,492 Mathis Ford,Petersville,Utah,66857,80.901244,82.115570
383,Paul Campbell,45,734 Harris Circles,North Johnny,Utah,25909,-72.661832,-33.4964415
384,Erin Cantrell,33,17108 Malone Alley Suite 880,Lake Ernestshire,Nevada,11627,89.251558,-11.6451895
385,Christopher Chavez,54,38879 Melissa Ramp,Port Lonnieport,Louisiana,54811,-20.066130,26.6165065
386,Michael Obrien,35,7795 Valerie Manor,New Ariana,South Dakota,19585,133.600785,65.3977175
387,Joseph Long,54,346 Banks Route Apt. 853,East Tyroneland,North Dakota,67460,84.651352,-4.5862765
388,Trevor Price,60,5829 Melton Street Apt. 517,Maryside,Arkansas,93893,134.820323,-40.6448105
389,James Fletcher,61,5011 Roy Square Suite 799,Anthonyland,Washington,27862,104.802172,-5.1569125
390,Gina Williams,71,20489 Robert Ridges Apt. 080,Port Charlesmouth,Vermont,25167,172.609166,-87.172589
391,Alicia Gomez,21,6033 John Lights,Lake Joe,Oregon,89411,75.415289,56.590464
392,Timothy Schwartz,39,02187 Scott Centers Apt. 963,New Jamesport,Wisconsin,59506,-160.528767,-64.7695565
393,Christopher Cabrera,73,5527 Greene Estate Apt. 172,Davisfort,Delaware,69188,-38.169926,82.4308855
394,Patrick Martin,50,3100 Gonzalez View,Port Calvinview,Indiana,84892,-100.421478,-74.863934
395,Ryan Rodriguez,20,1585 Miller Hill,Amyville,Maine,32834,79.930435,-65.4477195
396,Marissa Ashley,29,35001 Stephanie Inlet,Stephensshire,Kentucky,05239,175.183170,-33.1208895
397,Brett Cohen,30,2295 Gregory Plaza,Gatesport,Oklahoma,15762,-98.060190,58.8714315
398,Andrew Mayer,32,771 Hall Oval Apt. 193,Wigginsborough,Indiana,35865,46.123630,-75.5044485
399,John Gentry,48,602 Jeremy Mill,Port Amyshire,Oregon,25486,91.577230,-88.172812
400,Christine Jacobson,56,6698 Sonya Bridge Apt. 520,Richardberg,Arkansas,59789,-15.675068,-48.076562
401,Theresa Garrett,52,0497 Keith Islands,Robertborough,Nebraska,30500,99.571101,44.198638
402,Amanda Cobb,46,133 Lopez Hill Apt. 203,Port Lawrence,Hawaii,82095,-168.125342,-55.1970515
403,Brenda Thomas,34,628 Dillon Drive,Amberburgh,Washington,76236,-85.308491,8.463973
404,Larry Holder,27,0391 Espinoza Mews,North Randyborough,Virginia,15359,21.187989,-73.547128
405,Cynthia Roberts,58,0823 Andrea Crest,West Dawn,Ohio,76964,68.989447,-36.042657
406,Nicole Diaz,51,46125 Gutierrez Pass Apt. 444,Gregoryberg,Vermont,28164,113.410583,16.640525
407,Albert Villa,40,5761 Johnson Path,Taylorstad,North Dakota,72345,-20.348877,88.826269
408,Ian Nunez,46,175 Webb Gardens Suite 124,Port Stephaniechester,Minnesota,33726,-48.862710,-89.6997625
409,Robert Schmidt,76,8414 Frazier Cliff Apt. 676,Christopherburgh,Idaho,13146,-135.668098,-43.072792
410,Mason Moore,67,563 Williams Stream Apt. 472,New Jody,Washington,49490,-157.336042,-52.1328575
411,Dylan Hudson,52,5225 Graham Coves Suite 884,Lake Richard,Nebraska,14713,-97.783971,-73.1530535
412,John Stein,31,63363 Ryan Haven,Lake Brianfort,Montana,29749,-55.177998,-23.0442815
413,Dylan Jones,22,9931 Johnson Ways Apt. 053,Jasonview,Virginia,52683,65.518135,-45.086921
414,Deborah Hill,60,0004 Trujillo Ville,Kellyville,Delaware,80707,37.339628,63.902079
415,James Hamilton,57,939 Joseph Ridges,Connorton,Oklahoma,67626,91.796411,64.224260
416,Tyler Smith,60,3759 Jordan Plain Apt. 356,Port Thomas,Michigan,72787,-171.408810,-41.8652385
417,Joseph Neal,78,8370 Moon Corner Suite 072,Reyesport,Illinois,82510,122.477252,36.103809
418,Amanda Reed,19,9413 Green Branch,North Briana,Kansas,15279,-133.438340,-29.3120995
419,Michelle Waters,74,5045 Hamilton Meadows,Harrisside,Montana,40299,116.432660,-27.052899
420,Jasmine Mahoney,69,437 Taylor Lights Suite 672,Lake Cynthia,Texas,41028,-173.791943,85.1794995
421,Jonathan Butler,39,8715 Campos Garden Suite 460,Lake Bailey,New York,87303,32.811798,-18.724472
422,Scott Bond,47,97067 Watkins Views Apt. 319,East Jodifort,Oklahoma,35767,-106.339175,87.1421415
423,Edward Leonard,45,902 Sandra Views Apt. 067,Robinsonmouth,Washington,92449,144.985113,15.4925085
424,Anna Schneider,39,00193 Herman Prairie Suite 124,Port Patriciafort,South Carolina,39419,82.833489,89.414127
425,Tracy Collins,30,076 Williams Dale,North Nathan,Tennessee,63093,72.237849,28.3263145
426,William Nunez,37,26122 Daniels Station,Diazborough,Oklahoma,20407,-102.977172,63.9416475
427,Derek Robinson,21,87060 Hernandez Meadows,Morrisborough,Washington,70426,-79.873306,79.8457705
428,Michael Diaz,21,69895 Myers Burg Apt. 891,New Janice,Mississippi,25337,-51.070213,-18.806846
429,Sandra Davis,70,9700 Russell Forge Apt. 035,Andreahaven,Iowa,38261,66.122709,79.1038205
430,Timothy Levy,72,0085 Lynn Passage Apt. 784,Alanshire,Florida,27293,173.258588,16.9035895
431,Nicholas Knox,75,67536 Thompson Center Apt. 113,South Daniel,Florida,42831,-25.109556,77.387280
432,Derek Velasquez,45,9195 Miller Court Suite 029,Mackview,Nebraska,95041,-89.250651,46.7817145
433,Francisco Clark,78,188 Leon Canyon,Kirbyberg,New Mexico,68333,-52.699435,-26.9198845
434,Spencer Reed,43,79817 Patricia Port Suite 105,Conniestad,Louisiana,86436,78.649966,-74.299687
435,Denise Graves,58,85648 Nicole Locks Suite 005,Port Kevin,Iowa,96270,69.153605,21.986609
436,Eric Miller,60,8725 Derek Throughway Apt. 384,Kimberlyhaven,Virginia,37862,118.949575,-30.570304
437,Jeffrey Jackson,24,65998 Durham Mews,Fitzgeraldtown,Virginia,85614,58.636109,-78.6500745
438,Mason Hunter MD,61,42493 Joshua Forks,South Josephport,Nebraska,04672,-65.550247,45.415197
439,Joseph Yates,58,80725 Gonzales Crossroad Suite 728,Cynthiaton,North Dakota,72383,-12.050706,-75.604636
440,James Hunter,64,89927 Bridges Orchard Suite 770,Duanehaven,Alabama,92085,25.068135,-31.410144
441,John Horn,73,0406 Jessica Divide Apt. 558,West Mariemouth,North Dakota,37729,169.667571,-53.8913265
442,Samantha Barnett,23,151 Mccoy Trail,East Allen,Kansas,01321,176.786995,75.3094915
443,Samuel Farrell,34,706 Christina Plains,Ericafort,New York,76196,177.489142,-86.6773805
444,Edward Hart,35,51367 Marie Parks,East Sharonborough,Tennessee,29953,87.608723,71.9953885
445,Jasmine Weaver,66,715 Martin Stravenue,Laurashire,Michigan,49916,-139.294954,-19.901781
446,Mike Webster,26,617 Logan Haven,East Dorothyfurt,West Virginia,89828,125.531512,-22.4501455
447,Julie Rasmussen,49,68846 Salinas Junction Apt. 707,Moorechester,Texas,94758,-167.356381,-13.342718
448,Ms. Jennifer Williams,69,343 Joseph Falls,New Jason,South Carolina,08671,24.001871,-45.8417275
449,Kristin Rich,26,9659 Barnes Club,Johnstonfurt,Nebraska,65731,170.946690,61.5466605
450,Kaitlyn Fuentes,80,898 Phillips Crescent,Earlview,Kentucky,38426,-90.813735,-78.253225
451,Stephanie Moore,21,11123 Schultz Summit Apt. 047,Jameston,Arizona,02757,127.468643,-32.519213
452,Jesus Richardson,48,092 Amber Place Suite 170,Pearsonmouth,West Virginia,43791,-20.224647,-12.8283075
453,Amy Rodriguez,67,55461 Mata Road Suite 387,West Timothyfort,Wyoming,56938,29.779708,52.0546515
454,Yvette Wright,57,33659 Johnston Grove Apt. 211,Princemouth,New Jersey,84520,-64.263793,-75.147085
455,Thomas Rogers,69,82321 Faulkner Junction Suite 673,Teresahaven,Michigan,61372,-102.487674,60.7211305
456,Victor Fox,70,33087 Cochran Islands Suite 209,East Sarahland,Mississippi,58003,-23.945832,75.790792
457,Anthony Hendrix,38,9323 Joshua Pass,Johnsonshire,Utah,88232,-76.856572,84.865447
458,Victoria Acosta,30,764 Scott Street,Lake Kathleenside,Nevada,85681,36.829583,36.6901735
459,Reginald Martin,64,54716 Brian Common,Warrenhaven,Indiana,80646,-38.621764,-54.353011
460,Michael Harris,54,9494 Cohen Crest Suite 683,North Amystad,Florida,12035,116.463593,-12.663248
461,Louis Fields,76,779 Amanda Junction Suite 945,Scotthaven,California,95673,-43.925940,-38.5896715
462,Michelle Weaver,19,1812 Deborah Gateway,South Cindy,Connecticut,25208,-46.746075,-0.2575775
463,Fernando Simpson,70,91603 Smith Ramp,South Jasonview,Kentucky,50882,140.226393,-50.7790095
464,Priscilla Lyons,53,749 Johnson Club Suite 456,Hammondfurt,Kansas,42102,81.480040,-6.6417655
465,Victoria Oliver,62,0421 Aguirre Pass Suite 697,North Debramouth,Nevada,39755,120.376007,-35.5195835
466,Andre Adams,27,0316 Lindsey Villages,Bassland,Massachusetts,85323,168.781170,2.7253555
467,Denise Craig,31,0056 Ronald Views,Tannermouth,Iowa,65980,-118.973355,5.8522285
468,Jay Smith,22,108 Schultz Underpass Suite 795,Dylanchester,South Dakota,07056,137.523615,7.6418745
469,Deborah Swanson,55,52527 Stephens Shores,Davisshire,Pennsylvania,82397,-59.247719,23.1792775
470,Ashley Martinez,29,71291 Charles Shoals,Williamchester,Arizona,45859,75.447715,33.021888
471,Katherine Green MD,44,25717 Gill Green,West Kevin,Hawaii,00608,-12.509780,-67.684013
472,Amanda Cooper,20,548 Bryan Light,Jonesbury,Kansas,62864,-131.338681,56.3658305
473,Olivia English,28,9136 Travis Corner,Watkinsview,Georgia,33977,130.752113,77.630718
474,Travis Miller,67,906 Jennifer Parks,Hendrixville,Massachusetts,11206,-143.676143,10.0031325
475,Shannon Collins,40,02584 Joseph Lock Suite 460,South Sarah,Michigan,92650,172.779169,-61.6298765
476,Kelly Martin,73,5226 Butler Pike,East Erinview,Florida,00872,49.578027,26.651402
477,Teresa Allen,79,921 Craig Skyway Apt. 254,Janiceville,New York,58718,129.783767,-87.9074725
478,Rodney Hogan,71,83225 Kevin Forest Suite 949,Lake Ronald,Mississippi,38015,135.817056,12.811581
479,Stacey Brown,51,197 Stafford River Apt. 244,Andreamouth,Nevada,02425,-25.928480,45.0636985
480,Kimberly Nelson,53,51259 Jasmine Viaduct Apt. 530,Port Brittanyborough,Washington,67216,16.288344,72.179317
481,Earl Marshall,36,543 Cole Cape Apt. 258,Michaelmouth,Massachusetts,73380,69.171931,-74.7607635
482,Eric Flynn,19,39768 Dillon Plaza Suite 869,North Donaldside,Rhode Island,99573,-175.979662,-30.997450
483,Benjamin Matthews Jr.,50,45478 Navarro Plains Apt. 487,West Lauren,South Carolina,83210,-24.660729,-49.091267
484,David Baker,58,2188 Rodriguez Divide,West Matthewland,Massachusetts,40103,87.080889,76.976184
485,Stephanie Chase,52,02481 Sylvia Lake Apt. 273,Port Johnmouth,North Carolina,55658,69.954913,-46.8432325
486,Eric Farrell,21,68871 Beth Fall Suite 018,North Richardmouth,Colorado,00850,-129.359772,77.2174155
487,Kristina Thompson,32,2276 Sara Corners,South Catherine,Ohio,87315,2.623763,-3.9666495
488,Tracy Murphy,46,06540 Lowe Row,Lake Andrewberg,Missouri,68072,-160.827915,81.7441415
489,Shelby Harris,65,21375 Ronnie Parkway,Adammouth,Louisiana,55840,-121.237716,-3.3853775
490,James Stein,79,71067 Berry Court,Wrightville,Hawaii,26547,158.715634,-0.938561
491,Tracy Williams,66,999 Nicholas Overpass,Tomton,New Mexico,28377,-71.412300,-82.362755
492,Shawn Lewis,55,676 Cindy Port,Timothyfort,Utah,82005,-73.834174,73.875383
493,Earl Tran,50,795 Spencer Forest,New Cindy,Wyoming,30265,150.308899,-75.3552395
494,Lauren Velazquez,34,6994 Mark Harbors Suite 108,Lake Mark,Pennsylvania,74719,110.271490,68.7218785
495,Ryan Richardson,54,332 Robert Squares,Crossbury,Kentucky,47563,157.838795,-40.796409
496,Lindsay Raymond,20,9021 Rodriguez Road,Knoxbury,Alaska,42861,-172.303166,-71.163478
497,Jessica Miller,54,8588 Shepard Causeway,Ronnieview,Arkansas,37944,-158.867460,-56.2434165
498,Margaret Christensen,33,084 Meza Lock,Harrisonville,Rhode Island,19236,5.227478,56.0733005
499,Justin Proctor,63,6845 Bates Turnpike,Gibsonborough,Nevada,52180,15.203277,40.0319105
500,Thomas Bennett,48,689 Beth Manor,Lake Robertborough,Arizona,40448,33.207415,16.8251695
501,David Wade,29,5091 Timothy Lock,Anitafurt,Connecticut,05319,-64.305085,33.3925885
502,Julia Smith,70,6788 Jones Junctions,East Nancy,Indiana,43389,-105.429715,-70.183768
503,Sheila Bird,59,739 York Lodge Apt. 788,East Michael,North Dakota,04317,174.414423,-0.2040985
504,Jonathan Davis,24,0930 Jill Center Apt. 036,New Richardbury,Ohio,82938,-121.305654,17.785038
505,Jack Patterson,20,248 Thomas Well Suite 694,New Brianna,Alaska,93707,2.188829,72.0052785
506,John Thomas,74,2395 Wright Corner Suite 756,Tiffanyview,Missouri,18752,-148.848033,65.8468155
507,April Edwards,72,68449 Lori Freeway,Ambermouth,Hawaii,47052,99.022897,65.4524975
508,Lorraine Williams,79,34970 Lynch Dam,Hillhaven,Michigan,97846,-54.894813,43.630859
509,Candice Johnson,52,213 Smith Park Suite 666,Carrollview,Mississippi,18809,-172.905729,28.2137225
510,Matthew Brown,25,051 Mata Key Suite 539,New Brian,New York,10381,142.829837,-67.590709
511,Jo Smith,80,0754 Matthews Ville,South Williamport,New Jersey,86699,-70.143552,-35.075701
512,Christopher Roberts,74,5657 Tucker Neck Apt. 222,Maysview,West Virginia,18773,133.731828,-77.096658
513,Bradley Baker,37,262 Michelle Ports Suite 407,Timothymouth,Hawaii,27306,-135.450210,32.6779115
514,Mark Goodwin,52,56772 Nicholas Lights,South Matthewton,Michigan,48240,-42.935904,-41.7768975
515,Sarah Collins,24,71822 Diane Spring Suite 101,Wrightside,Louisiana,32129,158.696336,-50.1192245
516,Ashley Martin,42,2646 Emily Rest,North Laura,Alaska,68517,-107.334817,-4.720785
517,Benjamin Smith,67,62499 Melissa Mount Suite 802,North Davidfurt,Utah,89437,-136.030795,56.805784
518,James Gonzales,42,0035 Victoria Fields Apt. 376,Jonesfort,Washington,35892,-55.326206,-7.2213945
519,Nicholas Juarez,40,2681 Deanna Mountains,Port Douglas,Maryland,64842,80.439459,-78.925893
520,William Garcia,61,8165 Kyle Landing,New Lance,Florida,05162,76.398189,22.136233
521,Caleb Graham,67,15960 Murphy Lodge,Taylorborough,Washington,54020,79.251623,-59.489726
522,Andrea Kaiser,32,451 Douglas Centers Apt. 269,Lake Triciaside,Texas,13373,124.367679,86.942574
523,Austin Clark,28,3669 Harvey Stravenue Apt. 869,West Lisa,Nebraska,40774,109.756652,-31.8080915
524,Thomas Matthews,19,353 Andrew Glen Suite 471,Christineside,Illinois,01306,-154.168605,34.1062085
525,Margaret Delgado,60,92758 Caitlin Lock Apt. 849,Cindyport,Hawaii,97362,-64.721771,-69.8416085
526,Yvonne Allison,35,8843 Williams Brooks,North Alisonton,Pennsylvania,14364,-123.993966,29.807903
527,John Rogers,59,55015 Diaz Hills,Terrytown,South Carolina,32600,105.094468,54.326328
528,Deanna Ray,72,6352 Carol Groves,Stewartmouth,Connecticut,05718,-2.433958,40.057694
529,Warren Perez,61,31780 Angela Junction Suite 710,North Jenniferville,Iowa,01018,85.609814,23.6563405
530,Julie Wilson,62,900 Blair Lodge,New Ashleyside,Tennessee,21517,-16.487414,-20.5508325
531,Andrew Evans,47,594 Madison Harbors,Port Stephanie,Kansas,10512,56.128282,-61.341274
532,Andrew Gray MD,20,61620 Joseph Harbor Suite 377,Davisfort,New Jersey,18449,-131.107936,12.7451605
533,Bryan Jensen,33,668 Nathan Mountains,Patriciahaven,Idaho,74384,101.692124,-8.360664
534,Sarah Wells,71,53749 Ian Groves,Chanbury,Arizona,26236,-144.835621,0.908521
535,Stephanie Weaver,69,479 Henderson Pass Suite 913,Lake Sara,Missouri,64496,-112.446029,-76.4754705
536,Adam Hudson,47,29188 Nicole Tunnel Suite 484,Garytown,New Jersey,94411,-168.644040,49.554307
537,Susan Holmes,21,518 Shelby Trail Suite 356,Carrieport,Oklahoma,26255,131.973457,-18.4180285
538,Kaitlyn Wilson,32,32642 Jessica Groves,West Christianland,Connecticut,54567,-54.311847,60.9571845
539,Andres Webb,77,928 Randy Flat,South Brendaburgh,North Dakota,34602,11.681262,-13.481913
540,Nina Douglas,63,16547 William Ramp Suite 482,Wendyland,Oklahoma,80899,-156.366336,16.5996695
541,Mr. Michael Kaiser,23,50775 Nguyen Mills,Lindaburgh,Illinois,47147,177.238060,80.320800
542,Lisa Nelson,43,9720 Heidi Manor Apt. 409,East Katiefort,Arizona,94351,-156.195634,60.093254
543,Sandra Barrett,68,02762 Ricky Ridge Suite 317,Parkerview,Vermont,48245,173.323249,61.3834905
544,Sherri English,34,6361 Stone Shore Suite 055,Michellebury,West Virginia,62811,-31.524217,-38.2752835
545,Brittany Mcpherson,21,37391 Montgomery Lights Suite 865,New Bradley,Montana,97585,-56.291466,-13.800963
546,Donna Rodriguez,28,02549 Miller Gateway Suite 539,Patriciaside,Arkansas,77195,30.516421,89.1077825
547,Monica Green,68,327 Velasquez Trace Suite 983,Sanchezville,Colorado,51761,-147.718763,-57.048845
548,Lisa Alexander,73,2945 Maxwell Port,East Alisonstad,Oklahoma,71742,67.009462,-65.702896
549,Doris Walker,59,00028 Clark Shores Apt. 638,Kimberlyport,Maine,01360,-128.179849,89.0518645
550,Daniel Brown,25,543 Hensley Extension,Michaelton,South Carolina,89529,-97.568116,-63.045379
551,Nancy Kennedy,67,135 Riley Radial,South Jessica,South Dakota,86751,45.079319,-62.216021
552,James Tran,47,50603 Higgins Landing Apt. 947,Murphyview,Delaware,13556,-131.413316,84.941692
553,Alyssa Perry,19,9046 Jacob Path Suite 654,Port Taramouth,Iowa,75948,-38.373048,70.816629
554,Debra Mcguire,26,17112 Morton Canyon Suite 682,Lake Marcus,Connecticut,48922,-150.669160,1.271110
555,Marisa Curry,80,9110 Jeffrey Radial,Gardnerhaven,Montana,58628,-179.778226,-71.2890995
556,Ashley Hamilton,30,81288 Jonathan Pass Apt. 113,New Kimberly,New Mexico,44345,-118.348146,61.1774495
557,Noah Graham,41,276 Vega Run Apt. 412,Timothyside,Arkansas,20527,19.014096,36.3989165
558,Traci Becker,71,174 Jessica Shore Apt. 609,South Jeremiah,Nebraska,25063,173.113511,-46.858202
559,David Owens,52,1080 James Summit Suite 356,West Doris,New Hampshire,09788,-18.507065,-86.6211835
560,Jacqueline Vazquez,36,84799 Brennan Drive,Taylormouth,Mississippi,66459,-8.217271,87.196004
561,Samuel Chambers,63,691 Cody Mountain,New Anne,Utah,90641,103.928171,85.7468395
562,Ryan Stephens,32,430 Manuel Cliffs Apt. 828,Alexanderview,Hawaii,52171,109.673697,-33.8374195
563,Dawn Christensen,64,006 Miguel Shoal,Hansenton,Delaware,99097,120.532570,53.2151415
564,Michael Gonzales,30,0383 Grant Station,West Matthewhaven,Hawaii,94248,-22.283858,-79.187001
565,Lorraine Smith,43,54113 Joseph Parkway Apt. 613,Lake William,New Mexico,98712,56.304119,-34.0872435
566,George Anderson,21,7877 Debra Hills Suite 131,Gutierrezview,Alaska,26668,25.757485,-36.857491
567,David Jones,33,871 Bailey Highway Apt. 917,New Kellyshire,Vermont,05400,-61.120959,77.8600305
568,Spencer Henderson,65,7597 Brian Mission,Port Susan,South Carolina,06577,129.089019,69.8923245
569,Amanda Singleton,23,607 Taylor Glens Apt. 154,Brittanytown,Maryland,42377,161.632624,82.576515
570,Sherri Frey,35,46648 Holden Junctions,New Charles,Wisconsin,60577,73.854440,60.8298725
571,James Howell,62,86561 Brian Knoll,Jonathanview,Oklahoma,68815,95.348782,-80.972822
572,Mr. John Terry,76,7692 Pamela Heights Apt. 030,Kristineland,Oklahoma,26018,-125.903774,82.8016825
573,Cody Wolfe,40,447 Hernandez Spur Apt. 615,East Leslie,New Jersey,92500,171.377352,-64.4712715
574,Martin Price,40,26470 Christopher Cove Apt. 831,Villarrealstad,North Dakota,27189,148.762734,-26.7906445
575,Lorraine Rios,54,55535 Cheryl Streets,Garciastad,Georgia,93724,-2.468626,75.8975885
576,Stephanie Maxwell,30,8871 Hancock Pine,Mccoyside,Vermont,59169,-8.594893,-69.403948
577,Crystal Davis,18,403 Todd Lakes Apt. 918,Jenniferstad,Maine,06176,-88.816284,-61.8819475
578,Sarah Henderson,52,601 Kathryn Meadows,East John,Alaska,70957,-148.295921,86.747160
579,Tracy Collins DVM,72,568 Nicole Key Suite 923,Denisebury,Maryland,37532,168.991095,52.5000535
580,Amanda Brown,55,949 Deborah Underpass Suite 734,Wadechester,Florida,49570,-149.350217,-60.284738
581,John Evans,21,9469 David Village Suite 738,Hillmouth,Missouri,81783,132.057326,-20.328161
582,Michael Alvarez,18,28987 Garcia Coves,Thomasborough,Iowa,79018,51.095263,-28.1831395
583,Renee Figueroa,56,56849 Garcia Overpass Suite 116,Chadville,Nevada,71510,34.614466,-27.6203995
584,Kristopher Chavez IV,30,181 Trujillo Ferry Apt. 679,South Bryan,Pennsylvania,83716,48.216099,3.0126105
585,Pamela Wolfe,43,4415 Christine Expressway,Whitneyton,Nebraska,19043,146.005475,-77.5126225
586,Jordan Rodriguez,57,506 Rachel Isle,Zamorahaven,South Dakota,61352,-154.595055,48.3213965
587,April Alexander,61,014 Peterson Flat Suite 733,Robertbury,Alaska,94477,-176.516857,-11.831863
588,Tommy Bennett,42,581 Daniel Branch,West Justinstad,North Carolina,97694,118.372735,88.452388
589,Emma Richards,39,2883 James Creek,New Brettborough,Nevada,26910,-137.937861,42.388237
590,Donald Robertson,35,9508 Bailey Skyway Suite 291,Ronnieberg,Maine,20448,86.960780,5.895331
591,Molly Williams,76,6880 Hunter Knoll,Lake Vanessa,Indiana,88018,148.329975,-25.8372635
592,Travis Morris,72,57259 Marilyn Ferry Apt. 739,New Julieview,Wyoming,91910,-99.635238,-29.420456
593,Rose Martin,74,479 Jennifer Shoal Apt. 193,Coxshire,Virginia,22061,-104.026704,-56.064497
594,Mark Perkins,19,0856 Lee Shoals,Lake Sherylville,Arizona,55315,-56.654532,-55.8114965
595,Alexander Day,43,2268 Wilson Ridges Apt. 211,Johnsonview,North Carolina,77577,4.656646,83.2377605
596,Christian Prince,75,55304 Charles View Apt. 058,Williamsview,New Mexico,49955,-161.866735,46.2792635
597,Annette Wells,31,744 Derrick Trail Suite 060,Port Amandaland,Massachusetts,83974,-103.588968,-37.9126875
598,Michael Schwartz,61,3717 Grant Trail,Hernandezmouth,West Virginia,45637,25.668649,-53.5828705
599,Philip Nichols,42,0407 Lester Key,East Jasonstad,Nebraska,10647,-170.738969,-4.6682655
600,Edgar Clark,37,4876 Chad Pine,Delacruzfurt,California,21046,33.428030,31.2522915
601,Charles Robinson,40,73399 Lauren Loop Suite 467,Port Andreaberg,Wisconsin,91341,165.844835,43.9144745
602,Monica Short,68,4949 Christopher Isle Apt. 305,Lake Sean,Nebraska,85021,-77.537242,-58.981267
603,Joshua Collier,27,41199 Hunt Fall Suite 896,New Ronnie,Kentucky,98926,8.304372,-2.3629495
604,Dr. Tina Ortiz,27,5621 John Island Suite 341,South Chadburgh,Iowa,41914,-101.460658,-68.3017485
605,Jenna Harmon,64,5474 Hill Rapid Apt. 400,West Kimberlychester,Florida,57213,-173.793581,25.6916675
606,Marissa Sanchez,80,88467 Moore Pass,West Maryshire,Kentucky,26415,-135.297592,-68.181321
607,Chloe Olsen,46,5690 Jorge Mountain Apt. 691,Watsonshire,North Dakota,97229,120.218261,-24.463648
608,Kevin Meyers,80,6885 Scott Path Suite 561,North Ericafurt,Colorado,22899,134.871930,80.0448825
609,Jodi Tucker,62,354 Anderson Ports Apt. 619,North Carlmouth,New York,21843,103.994519,0.733980
610,Catherine Santos,35,92108 Brenda Freeway Apt. 186,Lake Christopherton,Arkansas,72556,38.385869,82.439945
611,Charles Black,49,918 Laura Via Apt. 895,New Matthewfurt,Utah,17767,-87.241705,-4.9073365
612,James Williams,40,7026 Amber Valleys,Baileyport,Indiana,77818,-39.511455,71.6194455
613,Mark Davila,56,9103 Noah Orchard Suite 994,Davisbury,Massachusetts,39070,142.854904,-13.025522
614,Brittany Barrera,64,48749 Hall Mountain,Lake Christian,Nebraska,58310,-155.526224,40.426884
615,Victor Smith,62,964 George Unions,Howellview,North Dakota,55827,-68.014588,57.7381825
616,Melissa Mcgee,42,1892 Gina Mountain,Lutzbury,New Jersey,15686,-43.389534,-38.0591275
617,Melissa Mercer,64,837 Robert Ramp,New Brandon,Connecticut,96272,-149.755545,-35.245558
618,Kathryn Jackson,80,52563 Aguilar Stream Apt. 179,Raymondville,Florida,65818,-61.232071,-82.0516165
619,James Griffith,50,987 Ryan Burgs Apt. 630,North Julia,Arizona,09610,99.075331,-44.123161
620,Jonathan Chavez,43,2265 Melissa Plaza,Ramosshire,Washington,41587,-113.166914,-8.9885245
621,Marissa Price,43,415 Jones Meadows,Johnmouth,Tennessee,17892,80.908464,11.1826675
622,Nicholas Smith,24,90412 Robert Track Suite 113,Johnsonton,Rhode Island,85931,-86.921924,-86.876764
623,Paul Davis,66,03674 Adam Mountains Suite 699,North Morgan,Rhode Island,27024,139.760860,-86.358612
624,Douglas Collins,24,094 Rebecca Lights,Lake Amy,Michigan,86368,-61.771805,75.6164485
625,Aaron Woods,43,35004 Samantha Fork Suite 002,Medinabury,Hawaii,11889,-27.711004,8.4528535
626,Nicholas Gray,71,5766 Natalie Bridge Apt. 194,Powellmouth,Mississippi,84614,-150.330281,-25.175822
627,Jessica Vasquez,79,3332 Jones Vista,Lake Tiffany,New Jersey,19232,-145.005312,-17.002119
628,Jeffrey Villa,50,1020 Juan Turnpike Suite 804,Lake Felicia,Wisconsin,92715,-150.348850,-22.908698
629,Jesse Gomez,38,39457 Walker Lodge Apt. 149,North Lauratown,Arkansas,39735,-30.171391,16.691210
630,Antonio Graham,31,801 Kimberly Pine Suite 465,Heidiborough,Indiana,09311,4.723792,-29.486498
631,Matthew Luna,57,90018 Melissa Forge Suite 669,Jameshaven,Maryland,15405,82.638648,-68.6883285
632,Donna Simpson,39,8246 Sara Plains,West Melissamouth,New Mexico,32207,24.221865,-26.2371765
633,David Bush,79,2562 Gregory Parkways Apt. 478,Ashleyshire,Utah,07889,-170.863440,77.039488
634,Erin Hall,32,55336 Bryant Crossing Apt. 840,Lake Christopher,Nebraska,43531,117.585143,-40.734571
635,Jill Morgan,72,60414 Jones Plains,Smithtown,Nebraska,88028,-133.157132,44.429925
636,Andrea Day,21,640 Haas Stravenue,Cassidyberg,Massachusetts,90919,97.176995,63.689366
637,Richard Smith,80,9261 Suzanne Port,Port Felicia,Idaho,96365,7.644068,4.5062025
638,Aimee White,37,7325 Mitchell Cliffs Suite 581,Kimberlyport,North Dakota,80475,107.303053,-42.3708675
639,Erik Jensen,29,1046 Gonzalez Cliffs Apt. 413,East Bridget,Alabama,56557,-169.645657,-85.2911925
640,Megan Lambert,37,72076 Jeremy Expressway,New Keith,Utah,06497,47.691941,85.697280
641,Jeffrey Summers,33,82783 Fitzgerald Stream Apt. 454,Port Davidview,Utah,90157,134.446409,86.7668565
642,Loretta Glass,54,4189 Devin Turnpike Apt. 075,Sandovalton,Arkansas,29765,74.747749,-72.842486
643,Mr. Alexander Haynes DDS,39,82667 Matthew Branch Suite 349,Port Danielville,Mississippi,97659,-83.385233,28.351654
644,Michelle Reese,22,272 Brian Route,Richardmouth,New Jersey,36544,-82.882976,36.2718105
645,Shirley Trevino,35,78794 Reynolds Port Apt. 271,Kerryside,Minnesota,35511,-118.486092,-8.5249185
646,Debra Simpson,40,77952 Erik Locks,Jennifermouth,Kentucky,51313,20.904407,-23.405758
647,Holly Erickson,64,067 Aguilar Fall,Hughesbury,Wisconsin,31186,76.225958,-65.6967165
648,Devon Ortiz,54,64118 Wendy Squares Suite 860,Fernandezchester,Colorado,22162,3.054059,86.0737655
649,Katherine Fox,31,152 Melinda Points,New Mariaview,Nevada,19641,22.236739,61.2227505
650,Maria Blanchard,54,732 Rebecca Junction,Deanchester,Delaware,78232,102.571318,-7.388269
651,Daniel Edwards,70,822 Elizabeth Brook,West Melaniemouth,Rhode Island,36755,104.997915,52.577072
652,Kevin Robinson,73,35340 Colleen Mall,East Kevin,Nebraska,83321,4.910859,40.500823
653,Elizabeth May,78,263 Eric Mills Apt. 042,North Ruth,New Mexico,97509,-57.394941,-49.7997045
654,Kelli Tucker,41,7801 Barrett Streets,New Robert,California,36150,-43.020507,58.6864695
655,Jennifer Bray,67,357 Christopher Crossroad Suite 694,Port Stevenchester,Indiana,85119,108.255370,32.316324
656,Lisa Brooks,48,8364 Gregory Glens,Sandovalmouth,New Jersey,81372,-98.907812,-17.897660
657,Ashley Anderson,71,5130 Heather Glens Suite 524,Port Stacy,North Dakota,78044,62.859403,53.007866
658,Thomas Martin,73,207 Green Shores Apt. 756,West Jennifer,Louisiana,26528,172.042361,-48.2200715
659,William Matthews,20,57305 Reid Glens Apt. 908,Williamston,Delaware,56770,-81.523426,-82.4561375
660,Kelly Fowler,63,92529 Carney Lodge Suite 080,Morrisberg,Indiana,16737,115.815738,74.2797075
661,Gary Callahan,44,87690 Fitzgerald Ridge,New Jeremy,Kentucky,54203,173.581800,-51.747909
662,Julian Foster,22,4803 Anthony Track Apt. 545,Crystalbury,Ohio,43054,16.227688,-66.333456
663,Lisa Wright,80,3016 Shaun Harbors Apt. 247,Port Autumnborough,North Carolina,04514,78.968560,63.0160805
664,Jason Wilson,45,5028 Green Roads,West Manuel,New Jersey,62008,-162.946355,66.348176
665,John Deleon,60,3965 Timothy Crescent Apt. 489,Oconnorview,Maryland,10232,-110.151887,-33.605771
666,Jared Wilkins,44,3993 Diane Lock Suite 620,Blankenshipchester,West Virginia,08069,91.328185,-24.7297675
667,Stephanie Lopez,54,289 Shane Flats Suite 242,Curryberg,Arkansas,46633,-57.016941,-1.9905925
668,Mr. Ryan Peterson,30,8142 Clayton Mission Suite 809,East Michael,Maine,65149,-18.807974,-19.505420
669,Debra Evans,63,017 Matthew Spring,Ortiztown,Oregon,69469,-110.791786,37.9697775
670,Renee Matthews,55,629 Salazar Unions,North Bradleyland,Louisiana,86772,-20.711344,-10.0209205
671,Michelle Kelly,19,40866 April Extension,Hartbury,Iowa,55737,138.822496,73.9852875
672,Joseph Parker,77,928 Ricky Orchard Suite 303,West Juliamouth,Massachusetts,06733,105.972135,-46.652565
673,Robert Bryant,20,88363 Edward Creek Suite 802,Joshuatown,Alabama,97646,-109.221474,-34.0132045
674,Elizabeth Wilson,31,151 Andrew Neck,West Robinfurt,Texas,29033,142.420823,-18.056335
675,James Davenport,55,258 Diana Islands,Smithmouth,Alaska,46943,-93.826687,-11.022193
676,Stephanie Anderson,36,08909 Powell Island Suite 452,Batesside,Maryland,88402,172.419905,76.0557285
677,Rachel Baker,62,64206 Edwards Junctions Suite 795,South Angelaborough,Alabama,63183,-176.509176,-74.2440155
678,James Wright,65,2883 Graham Shoal,Johntown,Virginia,65838,-27.720751,-21.565700
679,Tyrone Lyons,30,15565 Tricia Key,New Kenneth,North Carolina,13141,71.234030,-11.0728075
680,Dakota Mccarthy,35,6679 Ronald Meadows,West Amy,Illinois,72951,-80.150038,37.7658275
681,Jennifer Leonard,23,3555 Kennedy Row,Lake Brandon,Georgia,45335,20.088435,-57.3012095
682,Dr. Jacob Jackson,23,0464 Gutierrez Village Suite 507,North Madeline,Florida,30481,-142.931101,40.760336
683,Lori Summers,57,091 Smith Crest Suite 349,Port Natalie,Oregon,80151,152.506483,-23.2733285
684,Cynthia Smith,24,944 Gill Manor,New Ralph,Kentucky,48923,101.378123,34.4330805
685,Allison Mullen,38,131 Ethan Ridges Apt. 902,Terribury,Maryland,04608,12.785483,-83.2018305
686,Victoria Lee,65,270 Mccall Road Apt. 951,West Guy,New Jersey,95655,41.104207,24.0799515
687,Laura Mann,24,23143 Thompson Crossroad,Lake Melissa,New Jersey,25216,-66.827370,-11.394590
688,Jeffrey Ferguson,25,45806 Matthew Pass Suite 968,North Lisa,Texas,37061,-130.788079,-34.493816
689,Beth Richmond DDS,48,74222 Crystal Summit,South Stephanie,Tennessee,15554,-38.622445,10.023709
690,Traci Myers,66,438 Alex Corners Apt. 382,Lake Blakebury,Minnesota,05748,-151.208181,78.2795115
691,Ashley Mitchell,25,61106 Arias Walk,West Melissa,Illinois,79216,71.222294,80.278011
692,Micheal Orr,37,098 Archer Skyway Apt. 674,Davidhaven,Vermont,79223,-79.534091,-31.260830
693,Oscar Williamson,37,564 Le Forge,Riverafurt,South Carolina,12997,2.349120,-5.950660
694,Shelby Williams,56,12184 Hernandez Wells,South Alvinfort,Tennessee,07308,-130.346473,-34.399814
695,Jacob Moody,31,4196 Eric Harbor Suite 276,New Gina,Indiana,33014,109.607500,38.6645245
696,Timothy Miller,73,4974 Ashley Hollow Apt. 939,Davisburgh,Alaska,76630,104.844136,2.278329
697,Mark Spears,54,09300 Bates Mission Apt. 288,Howardmouth,South Carolina,69615,-65.243593,-81.6710915
698,Steven Lopez,22,216 Patricia Ports Suite 267,East Mitchellchester,Kansas,87178,53.878045,26.041143
699,Stacey Bowen,67,367 Michael Wall Suite 689,Dawntown,North Dakota,17718,32.614987,-30.8145645
700,Jill Ortega,60,422 Evans Shore Suite 573,West Autumn,Montana,32607,111.951821,-67.3749965
701,Alyssa Wheeler,50,435 Kidd Street Apt. 585,New Pamelafurt,New Mexico,20302,48.454989,52.3362745
702,Annette Cunningham,21,239 David Freeway Suite 509,North Michaelview,New Jersey,96669,-134.011891,-15.7395715
703,Gary Williams,30,852 Hill Cliffs Suite 215,Stewartmouth,Georgia,41492,-112.457573,36.0441135
704,Angel Vazquez,21,915 Lloyd Roads,West Johnshire,Wisconsin,24442,176.968966,53.642984
705,Kimberly Barnett,38,490 Hernandez Curve,Spencermouth,Iowa,28812,60.911342,87.344636
706,Savannah Henry,75,000 Evan Mountains,Brandonstad,Massachusetts,02108,-98.071892,41.6881455
707,Jaclyn Meza,40,270 Jennifer Pine,Amandatown,Washington,65611,-69.920480,36.2431775
708,Debra Gibson,64,881 Charlotte Mountains,Larafort,Indiana,98238,-48.056892,-0.7828095
709,Tyler Jones,48,2613 Jordan Grove Apt. 094,East Richard,West Virginia,38029,142.857636,-65.543665
710,Susan Peck,79,533 Gilbert Orchard,New Daniel,South Carolina,85340,58.763883,-55.3393065
711,Summer Murphy,34,834 Russell Mountains,Flynnberg,South Carolina,57591,156.036522,-51.4484935
712,Kellie Barnes,34,581 Emily Fields Suite 664,North Stephanie,Georgia,41431,176.998226,-27.3664805
713,Kimberly Davis,64,4188 Palmer Ville,Spencerburgh,Georgia,72774,69.866279,28.0840475
714,Jessica Hall,63,62568 Davis Shores,Billstad,Idaho,78187,-48.605204,68.2710115
715,Jessica Fischer,26,05810 Gary Heights Apt. 882,East Tiffany,Montana,75450,-90.247988,79.0622715
716,Anna Gilbert,71,1189 Kevin Station,Timfurt,Tennessee,20626,63.295271,11.8115985
717,Paul Jones,19,35156 Martinez Brooks,Jacksonville,New Hampshire,70420,-167.733818,-17.5438935
718,Scott Williamson MD,78,360 Douglas Rest,Jonesberg,Idaho,36587,60.110353,18.006355
719,Betty Smith,48,285 Shaw Village,South Christopherstad,Oklahoma,38316,-37.205539,-28.6029565
720,Timothy Small,69,098 Jason Crest Apt. 727,Elizabethstad,Ohio,16084,-25.448347,-60.860906
721,Richard Owens,64,55445 Greene Isle,Davisville,Texas,11668,-107.049488,42.880861
722,Sylvia Adams,31,1796 Watts Fall,Ballland,South Dakota,12428,62.445168,-45.8743675
723,Patricia Holland,60,28293 Summers Station,South Allison,Massachusetts,63740,-49.467917,29.481863
724,Michaela Dudley,19,0376 Martinez Cove,Johnton,Nebraska,52373,-18.606791,-18.7416375
725,Joseph Bass,68,61308 Charles Crest,South Dustin,Tennessee,61673,-24.133556,-65.441362
726,James Williamson,34,102 Bennett Pine,Austinland,Washington,12494,-137.074877,-7.2838455
727,Matthew Rodriguez,49,472 Bobby Ford Suite 300,Tonychester,Idaho,48964,174.365878,33.097996
728,Patricia Walker,26,69131 Nguyen Views,Port Cassandrastad,Arizona,35358,-78.341410,42.574914
729,Andrew Ward,37,60334 Hughes Camp Suite 145,Lake Lisaport,Texas,23352,145.255969,-49.349045
730,Phyllis Robertson,64,18918 Jennifer Station,Johnsonview,Oklahoma,67557,45.542501,37.060888
731,Lisa Johnson,63,9344 Mary Point Apt. 305,Carlytown,Tennessee,56510,-128.884174,-26.829298
732,Amy Tapia,31,6513 Washington Mills Suite 759,East Rebecca,Tennessee,95119,171.518571,-85.8513075
733,Brooke Cervantes,65,615 Jeffery Rapids Suite 802,Theresaborough,Vermont,59512,-179.933488,-86.0297845
734,Jason Harris,49,95544 Mitchell Falls,East Darren,Georgia,18854,106.454261,44.975496
735,David Davis,43,41299 Michael Union Suite 214,Juanstad,South Dakota,82258,-64.665739,-86.8692915
736,Mitchell Miller,71,9718 Williams Mountain Suite 529,West Jeremy,Oregon,46301,166.044020,29.4291475
737,Nicholas Ruiz,40,7663 Regina Station Apt. 215,Anthonyview,Texas,77423,170.129313,-24.830251
738,Julie Flores,40,014 Obrien Passage,Wallerton,Virginia,50000,-36.438937,77.481356
739,Craig Smith,76,970 Anna Lock,South Rachel,Pennsylvania,94295,51.419161,77.3363375
740,Eric Campbell,67,9335 Richard Expressway Apt. 771,Port Meganville,Montana,77111,104.243613,-70.6140865
741,Gabriel Diaz,61,19210 Denise Flats Apt. 658,Reynoldschester,Ohio,78601,-59.425881,-66.9215435
742,Dylan Soto,53,42024 Elizabeth Route Apt. 994,South Lindabury,West Virginia,09942,146.298352,22.514987
743,Cameron Diaz,65,846 Harrison Terrace Apt. 069,Chaneymouth,New Jersey,38393,38.490413,4.9109165
744,Charles Johnson,70,340 Morgan Stravenue,North Daniellemouth,Massachusetts,93212,-19.395285,-60.8032685
745,Justin Murray,38,700 Lisa Center,Andersonburgh,Vermont,06563,-152.582466,59.313599
746,Jamie Carroll,21,2579 Carolyn Locks,Parkerchester,Hawaii,33962,-84.594713,26.613353
747,Shane Freeman,57,55761 Joshua Dam Suite 733,Carrilloton,South Dakota,87264,-82.429790,86.001295
748,Sherry Alvarado,76,87983 Boone Ridges Apt. 982,Barbarastad,Ohio,37533,50.091646,-63.702602
749,Henry Fox,80,770 Hicks Inlet,Paulfort,Rhode Island,20960,-147.213048,-8.034720
750,Kyle Perry,58,376 Martin Avenue Apt. 815,West Angelachester,Maryland,29699,43.103191,-40.352814
751,Carol Adams,49,7166 Cabrera Springs,Reevestown,Arkansas,71275,105.906946,-68.4058115
752,Denise Wagner,77,4364 Roberson Roads Suite 309,Bishopmouth,New Jersey,50755,-1.153217,25.148686
753,Brittany Anderson,79,202 Aaron Overpass Suite 692,Port Jeremyport,Colorado,75345,-108.352460,-59.835964
754,Joshua Hill,43,56804 Shawn Summit Suite 861,East Brian,Wyoming,84639,169.774314,-68.248178
755,Lynn Franco,57,350 Schmidt Cliff,Donnaview,Colorado,43292,-5.133688,21.132006
756,Christina Wood,30,391 Dustin Village,West Jessicatown,Kentucky,51168,8.230294,-52.5576695
757,Maria Rosario,46,95589 Bryan Burgs Apt. 178,Jamesport,Georgia,22021,43.968064,-65.8892645
758,Allen Jacobs,37,9756 John Roads,Kevinside,Arizona,08142,-39.043659,-17.989211
759,Sophia Todd,30,7530 Daniel Via,Port Steveland,New Hampshire,70948,-84.659398,-69.464563
760,Catherine Hernandez,32,4316 Barrera Drives Apt. 525,North Amanda,Missouri,30657,-16.148554,-16.1735755
761,Jennifer Rodriguez,18,2874 Bill Ports,Deborahfurt,Oregon,55145,-68.971782,-21.5261145
762,Eric Hoover,52,9026 Tina Ports Suite 453,Amandashire,New Jersey,17348,32.469287,-58.0191415
763,Nathan Kelly,51,88341 Vanessa Park,East Jessica,Arkansas,31400,-13.517171,5.2836775
764,Dr. Donna Gillespie,40,205 Castillo Neck Suite 742,South Cody,Montana,86147,66.599142,-79.6384765
765,Michael Williams,51,03729 Dudley Lane Apt. 772,Kyleport,South Dakota,52793,-24.631539,-86.9334785
766,William Simmons,80,913 Sellers Rue Apt. 061,South Jessicashire,Iowa,90926,48.197882,34.303322
767,Sara Taylor,29,82568 Livingston Parks Apt. 264,New Melissa,Georgia,67225,-150.868547,-72.192935
768,Michael Hernandez,40,24703 Ward Drive,Middletontown,Washington,40864,-61.251873,46.804678
769,David Meyer,67,580 Kevin Land Apt. 456,South Tammytown,Arizona,09328,-92.256982,-14.0841655
770,Kayla Lee,34,650 Medina Heights Suite 251,West Codyfort,Nevada,84220,-80.384929,-44.311730
771,Elizabeth Galloway,30,302 Alexis Ville Suite 202,West Jasmine,Wisconsin,37978,-59.212361,-16.3610075
772,Hailey Hart,68,5328 Russo Manor Apt. 329,East Samanthaberg,Florida,26955,110.714770,-59.8473605
773,Marcus Bailey,28,7320 Shah Turnpike,Jerryville,New Jersey,06993,112.108165,43.7237665
774,Jessica Wood,65,0242 Thomas Ranch Apt. 735,Patrickbury,Rhode Island,95948,-38.622621,17.884840
775,Ashley Stevenson,52,5699 Christopher Meadows,Acostaberg,Delaware,82516,-109.087215,89.052312
776,Jennifer Anderson,28,34977 Mary Lodge,Lake Daniel,Montana,11374,131.263601,76.2166585
777,Elizabeth Garcia,74,194 Pineda Hills Suite 501,New Joshua,Georgia,38381,-93.852062,-73.5921935
778,Joshua James,43,94749 Cook Village,West Shannonshire,Maryland,44655,-179.873728,31.6467435
779,Miranda Washington,69,5131 Smith Cove,Lindaport,Colorado,19000,-56.077508,16.4426845
780,Stephanie Franco,28,633 Eric Camp,Rossport,Oregon,08155,16.898282,47.500628
781,Anthony Pratt,72,282 Miller Burg Suite 247,North Jennifer,Utah,53884,-65.574784,61.238996
782,Regina Miller,18,40966 Romero Highway Apt. 357,East Brian,Maine,28334,72.313559,82.016977
783,Jason Morris,25,62273 James Knolls Apt. 102,Lake Michellemouth,Colorado,86567,111.283652,-37.776014
784,Paul Stewart,46,79962 Ashley Fall Apt. 020,New Raymondmouth,New Jersey,06906,-145.920980,70.0736135
785,Krista Jones,27,1672 Joanna Parkways Apt. 061,Port Crystal,South Dakota,18707,168.492203,-45.4143285
786,Carmen James,67,37704 Walker Ranch,Albertburgh,Indiana,21207,87.267466,49.0641035
787,Daniel Rogers,64,6781 Adam Village Apt. 795,Rhondashire,Wisconsin,07794,95.302949,8.3359615
788,Laura Dixon,24,3381 Linda Brook Suite 582,Kennedymouth,South Carolina,70647,-110.049842,78.775664
789,Shaun West,26,412 Traci Road Suite 232,West Courtney,Montana,25983,-176.220046,-27.317936
790,James Warren,31,88168 Gregory Trafficway,Gonzalezberg,Indiana,67927,-55.173390,61.789271
791,Jessica Warren,25,585 Valerie Wells,Nguyenberg,Missouri,55769,-113.666411,36.114797
792,Adrian Richardson,44,45034 Martin Station Suite 785,New Michael,New Hampshire,98028,68.774084,44.9272685
793,Jessica Floyd,57,85544 Heather Track Apt. 616,Port Johnport,Delaware,62710,-110.199070,7.941205
794,Melissa Russell,64,1286 Alvarado Dale Apt. 509,Mccoyside,Wisconsin,87868,6.910916,76.7500045
795,Jessica Jackson,29,1918 Megan Parks Suite 216,North Neil,Tennessee,98031,-6.397860,14.627269
796,Wesley Villanueva,58,2841 Thomas Ridges Apt. 298,Lake Tricia,New York,13442,115.769119,72.763046
797,Michael Moore MD,37,6501 Nicholson Trail,Littleport,Hawaii,51074,153.727213,-45.2614895
798,Clayton Spears,26,1076 Megan Overpass,North Debraberg,Indiana,26736,-178.148429,75.3972865
799,Michael Johnson,37,37776 Walker Parks,North Christinefort,Utah,43367,159.940414,-68.0129455
800,Heather Hawkins,55,5368 Tina Burg,Whitechester,Pennsylvania,96358,147.038151,27.5358835
801,Alison Flores,61,36668 Rodriguez Falls,West Amber,California,76062,89.327851,-13.3969255
802,Shari Carrillo,49,55312 Nicole Knoll,South Robertchester,Idaho,08476,-176.231282,-35.778735
803,Jeffrey Taylor,75,04653 Diaz Terrace,Piercemouth,New York,65260,173.489723,-41.262346
804,Jonathan Jackson,32,396 Paul Path Apt. 418,Port Emilyburgh,Florida,93296,-161.011716,-78.293097
805,Ronald Valencia,53,86357 Stewart Pike,East Tara,Kansas,03989,79.470953,23.5771335
806,Richard Reed,71,24379 Tran Port Apt. 080,Kennethville,Oregon,59446,123.470956,-35.5003385
807,Robert Wilson,49,1280 Garrison Club,North Yvonne,California,69092,157.902926,-47.4724875
808,Michael Spencer,75,583 Marquez Turnpike,Crossborough,Delaware,27088,9.410314,-8.6420165
809,Shannon Dalton,23,052 Christy Cliffs Apt. 978,West Thomasfurt,Florida,72682,140.705631,-9.5278445
810,Craig Herrera,50,2229 Hernandez Points Suite 056,Joelmouth,Arkansas,06567,-110.008929,-79.1483575
811,Theresa Baker,78,4218 William Place,East Thomasfurt,Oregon,60984,38.493819,-16.060943
812,Kathy Powers,35,558 Adams Canyon Apt. 572,East Thomas,Maryland,71080,67.515669,65.6918395
813,Patrick Mays,65,3147 Amanda Mount,South Jennifer,Indiana,28874,-11.166363,-76.8273905
814,James Roberts,39,130 John Crossroad Apt. 810,Joneston,Arizona,84337,-113.713450,41.8248235
815,Lacey Jenkins,48,6491 Pacheco Mountains Apt. 775,Jessicaville,Montana,61061,-157.547473,-64.2615035
816,Brittany Mccarthy,47,43894 Taylor Vista,Lake Raymondshire,New York,25670,124.253736,30.232215
817,Jeffrey Rosales,72,312 Nelson Via Apt. 021,Diazbury,South Carolina,76125,-169.498325,-8.471081
818,Kimberly Fowler,24,7009 Danielle Passage Apt. 729,South Traceyborough,Tennessee,55429,16.499520,9.225391
819,Edwin Dorsey,41,958 Ricky Cliff Suite 896,Christopherfort,Maryland,99855,63.354292,-62.5475545
820,Ariana Wise,28,970 Duncan Junction,Port Benjamin,Oklahoma,76780,-133.274894,-19.925969
821,Stephanie Schultz,80,32132 Gregory Route,Murrayland,Rhode Island,23030,-119.987274,37.6998095
822,Terri Strickland,42,927 Christine Dam Suite 997,Ashleychester,Indiana,20398,119.596364,31.8606735
823,Alicia Berry,57,6152 Patricia Camp Suite 891,Thomasshire,Alaska,89399,125.780426,-66.337498
824,Victor Wells,45,157 James Street Apt. 793,East David,Arizona,41705,57.650401,22.058081
825,Michael Riley,79,2411 Nicholas Brooks Suite 493,Cynthiaburgh,Oklahoma,87703,25.121586,72.8999835
826,Teresa Shaw,77,2321 Julian Stravenue Suite 737,Mauriceport,Louisiana,08320,-164.217020,-44.7801275
827,Charles Kim,75,274 Gilmore Garden Suite 815,Burgessborough,Oklahoma,69126,-13.339691,-32.1712755
828,Jennifer Lee,32,948 Garcia Loaf,New Patricia,Kentucky,82141,-125.271122,-70.791173
829,Mr. Kyle Cooke MD,18,4052 Buck Greens Apt. 486,North Leahfort,West Virginia,36216,41.657124,40.7877135
830,Samuel Dixon,31,0783 Bailey Valleys,South Victor,Maryland,48365,27.517640,-57.397138
831,Thomas Gonzalez,48,81690 Mccall Springs,Kevinstad,Delaware,93427,134.299540,74.492555
832,Ms. Deborah Rodriguez MD,74,036 Mack Camp,Jasonbury,Maryland,10168,114.613986,65.510704
833,Brandy Morgan,39,187 Reed Course,Port Davidfort,Alabama,56946,140.983672,-48.801194
834,Edward Farrell,25,00704 Holly Pines Apt. 889,Jasonton,Washington,12519,96.465047,-16.957907
835,Linda Brown,55,7168 Kirby Coves Apt. 587,Martinville,Iowa,36056,19.121148,29.058595
836,Terri Calhoun,46,25973 Toni Terrace,North Jessica,Arkansas,12815,-56.987682,-7.962472
837,Juan Richard,25,63192 Walters Garden,Stonebury,Idaho,64223,-152.654099,-73.439975
838,Yolanda Russell,58,39750 Ann Wall Apt. 677,Candicehaven,Arizona,29541,27.376685,-62.9336625
839,Tracey Davis,26,1108 Alan Expressway Apt. 435,South Tina,Mississippi,73575,-64.597858,0.2624835
840,Patricia Walker,32,211 Diaz Route,Norrisland,New York,52820,-179.088781,-61.0095845
841,William Smith,42,375 Daniel Row,West Michaelport,Utah,68646,174.195614,88.978880
842,Deborah Bell,48,77344 Smith Brooks Suite 624,East Christine,Virginia,28946,129.679740,-21.6630575
843,Angela Mullins,43,7427 Chapman Island Apt. 392,Dennisview,Kansas,66415,168.819036,-16.7142895
844,Ashley Lee,35,50092 Jeffrey Land Apt. 192,North Scottborough,Maine,65893,-52.322978,-63.1244895
845,Dr. Nicole Morgan,26,7297 Alyssa Road,South Matthew,South Dakota,51360,151.608519,4.893541
846,Gabrielle Mcdowell,69,20480 Chambers Key,South Joshua,Montana,90110,-51.562837,-60.3769765
847,Tracey Blair,58,207 Smith Courts,Nataliehaven,Iowa,15454,-114.639263,-74.766080
848,Katelyn Sullivan,64,002 Larsen Land,Danielfort,Maryland,01352,-46.501830,12.106944
849,Diana Green,45,970 Juan Neck Suite 364,East Angela,Massachusetts,58982,-70.431108,-37.6313005
850,Peter Long,55,6252 Anna Highway Apt. 398,Pittsbury,Maine,01846,-152.831488,57.4214865
851,Morgan Smith,43,327 Noah Bypass,Lake Leviberg,Louisiana,40844,-74.670314,-64.611328
852,Ronnie Hamilton,28,791 Johnson Falls,Kaitlynstad,Wisconsin,87442,-175.277014,58.253215
853,Kristi Perez,49,27059 Riley Shoals Apt. 692,East Laurafurt,Vermont,31945,23.846451,65.105361
854,Jared Park,74,39149 Fitzgerald Parkways,Rodriguezville,Michigan,31739,-119.169522,10.570666
855,Brianna Wright,54,07987 Rodriguez Square Suite 074,Brianberg,Mississippi,92747,174.202297,-55.6977915
856,Stanley Rose,45,9853 Jones Spring Apt. 095,New Jessica,Nebraska,04735,-59.668334,25.344599
857,Ashley West,78,441 Molly Shores,Heathermouth,Montana,07804,178.783868,-70.3294675
858,Jenna Crawford,34,2496 Lucas Vista,Port Gene,Kansas,06802,44.763506,-27.271981
859,Angela Pitts,44,238 Holden Rue Apt. 711,Karenborough,Alabama,35206,-147.577402,14.4643925
860,Jonathan Gibbs,61,970 Black Plains Suite 294,Colleenton,Connecticut,98714,128.335638,-89.9890675
861,Kelly Pena,61,658 Avery Islands Suite 640,Turnermouth,Kentucky,67507,30.218615,84.4281165
862,Devin Smith,37,1027 Brittany Dam,Davenportview,South Dakota,10057,-114.742177,-7.5344325
863,Paula Johnson,28,5562 Ricky Expressway,Andrewsburgh,Louisiana,44263,-51.893019,26.110924
864,Michael Benjamin,57,86780 Cohen Ways Suite 662,Robertsport,Michigan,24902,-60.509961,62.374590
865,Manuel Walker,39,66132 Haley Shore Apt. 740,West Matthewhaven,California,66117,137.541995,19.897308
866,Nicholas West,63,130 Soto Prairie,North Tara,Ohio,57367,115.470386,36.203204
867,Jamie Lopez,67,59872 Savage Cape Apt. 943,West Cathy,Missouri,98359,132.645952,-54.477604
868,Yolanda Murphy,72,0124 Ray Glen Suite 906,Briantown,Mississippi,00719,123.014408,57.229849
869,Roger Williams,79,68253 Simmons Island,South Heather,Indiana,47341,-64.827617,-62.180193
870,Kimberly Riley,68,2729 Amy Court Suite 248,Ortizmouth,New York,66677,76.790989,10.749582
871,Jennifer Wilson DVM,56,41046 Walton Port Apt. 105,Longside,Kansas,69629,132.499358,-24.6229655
872,Rebecca Garcia,37,7272 Garcia Park Suite 435,Debramouth,North Carolina,05946,50.986257,-53.051905
873,Deanna Smith,58,27934 Meagan Inlet,Jenniferfort,Kansas,12438,-66.009583,-43.388272
874,Jeffrey Padilla,37,970 Kevin Canyon,Lake Hayden,Minnesota,04375,23.159047,-11.832117
875,Charles Espinoza,62,7547 Walters Crest,New Leetown,Iowa,28992,108.812687,59.3545985
876,Tamara Williams,66,384 Thompson Shoal,New Jessicaton,Florida,09598,23.948589,52.7527785
877,Paul Knight,70,0500 Tate Land Suite 358,South Ralph,Nevada,52900,52.952386,-74.9200115
878,Ariana Robinson,32,62273 Crawford Land,Port Emilychester,Oregon,18749,48.259756,-89.8748605
879,Lauren Watson,25,66809 David Shores,Lake Anthony,Montana,54562,-57.805580,-87.8225955
880,Elizabeth Frazier DVM,34,147 Carter Wells,New Mathewtown,Rhode Island,32177,57.185030,48.7568815
881,Anthony Hancock,49,8851 Erik Mountain Apt. 200,Kaitlynview,Washington,11870,143.143250,-22.395655
882,Darryl Klein,62,4827 Diana Orchard Apt. 705,Rebeccahaven,New Mexico,86743,127.414235,41.991822
883,Jaime Walker,29,69162 Ronald Fords Suite 325,East Matthewview,Virginia,75497,-7.337061,-21.251526
884,Brianna Mendoza,43,1101 Sarah Street,South Heathertown,Maryland,08981,-141.145703,-17.5674875
885,Andrew Green,52,567 Watkins Coves,Gilbertberg,Louisiana,31165,41.381154,44.682086
886,Kathleen Davis,55,68342 English Inlet Suite 052,North Tyler,Florida,07238,29.055645,-60.8641225
887,Susan Harris,45,0525 Roberts Roads Suite 115,Lake Kathleen,Colorado,94430,-55.422069,58.638256
888,Jill Williams,38,253 Robert Via,Kellymouth,Florida,85657,-14.246402,-31.6627195
889,Jacob Harris,38,8961 Michael Glens Apt. 949,Georgefurt,Hawaii,36592,-153.682413,-9.9450465
890,Bobby Brandt,76,014 Paul Falls,North Kevin,Nebraska,98215,-178.817307,-34.2069885
891,Samantha Diaz MD,53,57146 Allison Curve Suite 540,North John,North Carolina,91519,18.380334,-9.5548865
892,Nicholas Rios,36,7489 Bobby Turnpike,Rebeccamouth,Florida,77448,-47.997108,32.8595815
893,Breanna Butler,34,484 Webster Burg Suite 748,North Jessicastad,Rhode Island,38631,-124.345223,34.815317
894,Deanna Parks,77,280 Mark Overpass Suite 445,Romeroburgh,Florida,81082,119.015322,46.354838
895,Lisa Raymond,32,52429 Taylor Points Apt. 457,Morrisville,Delaware,03580,-144.167600,82.651323
896,Chad Barber,44,5484 Horton Shoals Apt. 357,South Darleneland,Indiana,63595,144.016721,-84.8924695
897,Andrea Snow,72,2828 Scott Point Suite 618,Lake Gregory,New Mexico,98813,85.596979,27.0231415
898,Tanya Hill,28,3652 Casey Tunnel Suite 770,Justinbury,Utah,18817,116.502880,42.539654
899,Debra Guerrero,50,3656 Park Crossroad Suite 799,New Amandaberg,Arkansas,27125,15.422255,34.896650
900,Brandon Henry,52,77466 Horne Road Apt. 212,Nicoleberg,Colorado,94882,-149.150967,-20.967610
901,Jason White,52,960 Sharon Court Suite 971,Meganfort,Wyoming,78617,72.146507,1.817669
902,Ivan Brown,70,6130 Rice Path,Mejiashire,Virginia,19578,-22.479927,-69.0601365
903,Angela Garcia,31,950 Delacruz Knolls,Lowetown,Nevada,17493,72.750515,-54.2425285
904,Andres Riddle,44,624 Katrina Passage Apt. 893,Mckenziechester,Utah,01800,44.955441,-63.2301365
905,Jose Johnson MD,77,8236 Isabella Lodge Apt. 031,East Stephaniemouth,Delaware,76207,142.609575,-85.0332735
906,Rickey Hood,35,51107 Christina Cliffs Apt. 367,East Jeanne,Pennsylvania,91633,159.443452,16.0903685
907,Mario Lee,19,03594 Justin Common Suite 643,Johnsonberg,South Carolina,25108,-43.390778,80.6474875
908,Elizabeth Munoz,56,49528 Deborah Passage,Perezland,Alabama,27414,75.252092,18.2843035
909,Michael Gonzalez,32,216 Foster Coves,East Angelaberg,North Carolina,89312,37.632141,70.268050
910,Lucas Evans,48,943 Jackson Dale Suite 086,North George,Indiana,95037,61.292599,40.452216
911,Sylvia Vasquez,79,473 Anna Fork Apt. 365,Aliceport,Illinois,50710,-96.991172,-71.255130
912,James Wade,50,587 Larson Valleys Apt. 366,Graytown,Oregon,35374,-22.330721,-23.304827
913,Cody Tanner,40,722 Amy Throughway Suite 911,Port Jonathanborough,Indiana,99244,64.238241,34.172783
914,Danny Barnes,20,144 Woods Street,Travishaven,Missouri,55423,-21.906191,-40.4699105
915,Christopher Savage,21,50172 Cunningham Brook,Jacobhaven,Michigan,42141,67.901696,84.900132
916,Brian Wiggins,80,639 Jonathan Circle,East Ellenberg,Wisconsin,39399,-82.793087,72.277718
917,Anthony Ramirez,35,03597 Sutton Expressway Apt. 546,Terrellburgh,Alabama,23404,44.494519,89.2504155
918,Sean Cruz,44,044 Mary Bypass Apt. 885,New Tricia,Washington,33216,-35.662931,-17.923852
919,Kathryn Logan,24,0292 Sandra Cove Apt. 539,Bradleychester,Nevada,42334,108.969120,33.646401
920,Kevin Carrillo,48,4183 Jesse Mountain Suite 048,East Marcusbury,Louisiana,44278,-104.219012,3.6205135
921,Nicole Mitchell,35,67011 Jason Estate,Lake Chadmouth,North Carolina,05407,130.088708,-23.0224545
922,Joe Miller,33,10747 Smith Expressway Suite 716,Willismouth,Missouri,40412,14.291941,57.820909
923,Andrea Garcia,28,460 Jones Burgs Apt. 243,Andrewbury,Georgia,24303,-93.939132,-65.4121585
924,Samuel Morales V,65,6590 Daniel Terrace,Ernestport,California,22448,140.265193,44.999058
925,Jaime Buck,40,2991 Kim Drives Apt. 666,Masonton,Alaska,79972,-56.306687,33.8127235
926,Diana Ford,35,97821 Moore Wall Suite 556,South Michaelshire,Virginia,78540,33.869502,79.397753
927,Phillip Martinez,49,73437 Kaufman Fort,East Chelsea,Minnesota,72714,-84.807251,-1.631706
928,Michelle Stewart,59,066 Hess Road,Lake Jordan,Kansas,91950,31.103864,-39.249334
929,John Martinez,67,17970 Anne Point Apt. 317,South Donald,California,90757,128.344552,-72.9734605
930,Gloria Thomas,21,816 Meredith Fields Apt. 100,Jenniferfort,Alabama,32607,-63.256086,-14.8270305
931,Tracey Whitney,23,656 Fitzpatrick Centers,North Terriberg,Alaska,91235,91.315984,26.527354
932,Megan Warner,66,9076 Rachel Union,Clarkfurt,Colorado,93783,110.355328,-84.0575665
933,April Evans,32,565 Juarez Lodge Apt. 739,Wangside,Tennessee,85464,-74.804777,78.9047935
934,Brooke Johnson,72,336 Craig Stream Suite 940,North James,South Dakota,90632,-5.304090,12.1441535
935,Marcus Davis,44,5165 Preston Valley Suite 850,New Lisa,California,94169,121.473461,32.3976955
936,Michelle Wilson,66,9904 Nelson Highway,New Bruce,Oregon,39649,57.845864,-63.103914
937,Heidi Ellis,56,2856 Cook Shore Apt. 133,Bryanton,Maine,14749,162.100631,-61.4065235
938,Thomas Fuller,59,9411 Ivan Groves Apt. 364,Colemanborough,Montana,85273,-138.470135,69.878395
939,John Warren,50,8504 Solis Parks,Westport,Illinois,49171,-123.838956,32.8408275
940,Norman Young,42,039 Bobby Walk,East Anthonychester,Idaho,26038,5.994558,-57.8438425
941,Caleb Yu,76,472 Lawrence Corners Suite 089,Matthewtown,Texas,87943,16.302191,8.534880
942,Tiffany Flynn,77,809 Seth Knolls Suite 666,Cindyview,Connecticut,89297,-126.491771,87.554494
943,Oscar Rogers,47,221 Lopez Spring,Rodriguezton,West Virginia,58276,-98.931284,-46.738889
944,Michael Hill,53,42534 Cooper Plaza,Lewisberg,Texas,78375,160.867027,-68.825844
945,Brandon Jenkins,24,7054 Guerra Walks Suite 672,Port Nicole,Tennessee,39449,149.249980,-35.259470
946,Robert Dillon,80,44128 Johnson Center Apt. 212,New Tylerchester,Texas,10206,162.556194,-11.134652
947,Rita Garcia,21,1366 Jordan Plains Apt. 847,New Melissa,Delaware,70599,147.184462,-1.018480
948,Andrew Hurst,23,9260 Taylor Dale,Smithstad,South Carolina,97607,77.128499,-32.130372
949,David Underwood,73,416 Kelsey Cove,South Michellechester,Alabama,86817,44.875564,-3.6144215
950,Louis Olsen,65,58376 Adams Mountains,West Jesse,South Carolina,87201,-73.694734,15.1836855
951,Shannon Blevins,59,0556 Gibson Summit Apt. 422,North Matthewmouth,Pennsylvania,54981,41.996830,-24.2805845
952,Jessica Solomon,33,66181 Jonathan Street,Cortezchester,Oklahoma,83320,66.381438,44.337054
953,Jonathan Davenport,18,476 Smith Pines,Smithside,Colorado,57174,-16.309079,-20.8300925
954,Kyle Phillips,60,6915 Ramirez Plains Apt. 434,Samanthabury,West Virginia,24070,27.001104,-72.9016305
955,Samuel Patel PhD,21,8300 Oliver Mission Suite 801,Jonbury,Vermont,67356,-147.484078,88.528969
956,Anthony Schmidt,41,7905 Wells Oval,New Meganchester,New Mexico,65614,15.111229,46.667407
957,Krista Hansen,54,2873 Holmes Terrace Suite 389,Saraside,Nevada,01108,158.774558,3.576991
958,David Nichols,23,026 Harding Hollow Apt. 475,Lake Harry,Ohio,25953,-56.493637,-54.0898955
959,Catherine Rich,19,02075 Beck Lock,Jenkinsview,Idaho,52565,-20.489854,82.0277375
960,Marc Young,62,179 Gonzalez Center Suite 660,New Madisonchester,Alaska,47789,88.018051,60.047190
961,Luis Ramirez,59,8000 Logan Stream Apt. 297,Bushberg,Hawaii,98253,-121.388297,-82.647282
962,Thomas Mendez,20,03132 Whitney Trafficway,Danielleville,Tennessee,28648,-101.441648,-12.876032
963,Carla Palmer,49,3397 Nathaniel Valleys,Thompsonville,Alabama,33711,-113.814970,-78.522251
964,Jennifer Curry,30,0961 Moore Glen,West Kelsey,Alaska,67371,96.549901,-42.4465715
965,Corey Nichols,26,8689 Copeland Meadow Suite 153,Strongland,Indiana,55566,-2.788882,-28.4475335
966,Adam Edwards,59,5200 Christian Course Apt. 049,Port Kimberlyview,Illinois,73157,-87.435061,34.8478335
967,Joshua Cameron,60,052 Tiffany Villages Suite 578,Murphymouth,Wisconsin,06840,146.887777,73.965641
968,Jennifer Johns,57,435 Charles Union Suite 802,New Catherine,Nebraska,10706,-19.911177,1.626754
969,Cody Dominguez,52,52381 Charles Shoals,West Patricia,Delaware,30391,55.127324,69.9067645
970,Bridget Banks,60,786 Stephanie River,North Caitlinton,New Hampshire,56187,108.130816,77.269296
971,Dr. Kerry Torres,33,904 Buchanan Extensions Apt. 091,East Gail,Utah,11220,-42.884275,-76.5618345
972,Paul Brooks,47,77820 Clark Light,Jonesmouth,Wisconsin,75480,-40.235866,-39.4283025
973,Nicholas Griffin,37,0729 Charles Vista,West Brettview,Colorado,73805,-57.089070,-6.5438535
974,Sara Nichols,61,4969 Cook Centers,Reneemouth,Delaware,36244,-161.339507,74.6768905
975,Tanya Anderson,46,19668 Brewer Lights Suite 295,Navarrohaven,New Jersey,23493,44.951913,70.438840
976,Regina Buchanan,59,8096 Samuel Brook Suite 776,West Alexandra,Alabama,52090,-8.046828,-11.196748
977,Zachary Wall,42,29497 Alison Causeway,Jenniferhaven,North Carolina,85949,99.264090,82.100897
978,Kevin Lane,47,5713 Nelson Harbors Apt. 246,East Nicholasbury,Wyoming,27746,149.841267,-37.977216
979,Michelle Ford DDS,54,006 Baldwin Curve Suite 929,South Ericside,Tennessee,88224,-100.110459,-5.8851065
980,Kimberly Graham,51,55282 Johnny Stream,Harrisontown,Iowa,53824,-120.531140,53.1153715
981,Cynthia Ramirez,74,554 Miguel Mountains,Loganstad,Texas,18562,133.878191,-60.101241
982,Nathan Aguilar,29,048 Gregory Summit Suite 310,Williamsberg,Louisiana,22224,172.807287,56.891858
983,Jordan Dean,26,1333 Elliott Trafficway Suite 224,Chadborough,Maryland,90761,-91.095469,-75.625785
984,Tammy Freeman,45,774 Lisa Bypass,New Frances,Massachusetts,40919,15.075376,-38.6015075
985,Matthew Nelson,42,72061 White Drive,South Samanthamouth,Connecticut,46823,-122.647473,-45.804346
986,Jesse Bell,77,1440 Duarte Hollow Apt. 598,Lake Lisaland,Louisiana,30139,92.815562,22.406323
987,Stephen Kennedy,37,42127 Joseph Harbor,Sparksmouth,Oregon,31040,1.380610,72.8213625
988,Rachel Johnson,66,98571 Tanya Fields,South Dominic,Maine,09549,-37.576774,-56.4447885
989,Chad Gallagher,24,18204 Randall Manor Apt. 447,North Karen,Utah,09319,-32.378878,75.8398165
990,Christopher Briggs,36,59901 Ramirez Square,Taylorshire,California,45663,-168.332076,-79.0184715
991,Calvin Duncan PhD,71,956 Kevin Lake,North Nicholashaven,Oklahoma,95470,59.168142,-64.073940
992,Donna Herrera,32,4491 Davis Spurs Apt. 752,Lake Johnshire,Maine,91027,36.534503,-44.1737765
993,Jessica Bradley,31,2034 Stuart Street Suite 524,West Yolandachester,Maryland,21350,89.233227,-47.760445
994,Tara Hunt,60,7210 Snow Estate Suite 636,Wolfebury,Vermont,31983,-67.888346,-76.2154105
995,Evelyn Mcgrath,30,335 Simon Centers,Lake Lisashire,Maryland,72701,54.833755,74.2292185
996,Dylan Rowe,23,909 Cabrera Wall Suite 867,Rossport,Texas,12825,-177.075830,-2.8143335
997,Jill Harmon,39,633 Goodwin Plaza,Aimeestad,North Carolina,89950,149.449112,37.829762
998,Denise Garrett,70,39678 Ana Center Suite 806,Moralesbury,Ohio,76533,142.648780,-2.6426835
999,Sara Green,70,1489 Meyers Port,Hernandezville,Mississippi,66200,-27.136635,-25.1106915
